"campeche","Dirección General del Registro Civil de Campeche","Calle 10 n° 54 Local 8 Edif. Campeche Col. Centro, C.P. 24000, Campeche, Camp.","19.8431988","-90.53641739999999","01 981 8165 593"
"campeche","Registro Civil de Campeche","Calle 63 entre 10 y 8 Edif. Campeche Col. Centro, C.P. 24000, Campeche, Camp.","19.8442102","-90.53960219999999","01 981 811 9200; ext. 1600"
"campeche","Registro Civil de Candelaria","Calle 18 s/n, Col. Centro, C.P. 24300, Candelaria, Camp.","19.8359602","-90.5306564","01 602 01"
"campeche","Registro Civil de Champotón","Calle 30 N° 12- 4 Col. Centro, C.P. 24400, Champotón, Camp.","19.3559742","-90.72266030000002","01 982 828 0005"
"campeche","Registro Civil de Champotón","Calle 16 N° 49 Col. Centro, C.P. 24400, Champotón, Camp.","19.3340465","-90.7317625","01 982 823 1350"
"campeche","Registro Civil de Ciudad del Carmen","Calle 28 x 19 Col. Guanal, C.P. 24130, Cd. Del Carmen, Camp.","19.8301251","-90.5349087","01 981 81 1 92 00, ext. 1930 y 1931"
"campeche","Registro Civil de Escarcega","Calle Justo Sierra s/n, Col. Revolución, C.P. 24350, Escarcega, Camp.","18.6101834","-90.7390245",""
"campeche","Registro Civil de Escarcega","Calle 17 por 20 s/n, Col. Centro, C.P. 24350, Escarcega, Camp.","18.6101834","-90.7390245","01 982 813 1043"
"campeche","Registro Civil de Hecelchakan","Calle 14 por 17 s/n Col. Centro, C.P. 24810, Hecelchakan, Camp.","20.1819021","-90.13545859999999","01 996 104 4887"
"campeche","Registro Civil de Hopelchen","Calle 18 N° 91 Col. Centro, C.P. 24611, Hopelchen, Camp.","19.7459824","-89.8431267","01 996 434 4001"
"campeche","Registro Civil de Hopelchen","Calle 33 s/n Col. Centro, C.P. 24600, Hopelchen, Camp.","19.7472419","-89.8424644","01 996 822 0183"
"campeche","Registro Civil de Hopelchen","Calle Carranza s/n Col. Centro, C.P. 24620, Hopelchen, Camp.","19.7472419","-89.8424644","01 996 431 5098"
"campeche","Registro Civil de Palizada","Calle Hidalgo N° 3 Col. Centro, C.P. 24203, Palizada, Camp.","20.0908648","-102.3433308","01 913 365 0111"
"campeche","Registro Civil de Tenabo","Calle 8 s/n Col. Centro, C.P. 24700, Tenabo, Camp.","20.0409674","-90.2255519","01 981 112 7305"
"campeche","Municipio de Escarcega","Calle 28 x 19 Col. Guanal, C.P. 24130, Cd. Del Carmen, Camp.","19.8301251","-90.5349087","01 982 824 0970 ext.40659"
"campeche","SEDESOL, Modalidad Identidad Jurídica en el Estado","Av. 16 Septiembre s/n Palacio Federal 2º. Piso, Col. Centro, C.P. 24000, Campeche, Camp.","19.8431988","-90.53641739999999","01 981 656 11 ext. 117"
"campeche","Instituto Nacional de Migración Delegación Regional Campeche","31 n° 144, Col. Tacubaya, Cd. Del Carmen, Campeche.","18.6426066","-91.823636","01 938 382 13 30 y 384 10 81"
"campeche","Instituto Nacional de Migración Delegación Regional Campeche","Av. 16 de septiembre s/n, Palacio Federal, P.B., Campeche, Campeche.","19.8301251","-90.5349087","01 981 816 28 68"
