"coahuila","Oficialia 01 del Registro Civil Saltillo Coahuila","Ateneo 625, Centro, (cp 25000), Saltillo","25.4188452","-100.9963396","(844) 412 05 05"
"coahuila","Oficialia 02 del Registro Civil Saltillo","Xicotencatl  Sur 153, Centro, (cp 25000), Saltillo","25.4235018","-101.0056144","(844) 410 30 10"
"coahuila","Oficialia 03 del Registro Civil Saltillo","Manuel Perez Treviño 774, Centro, (cp 25000), Saltillo","25.4272303","-101.0059854","(844) 410 74 35"
"coahuila","Oficialia 04 del Registro Civil Saltillo","Domicilio Conocido s/n, (cp 25324), Aguanueva, Saltillo","25.3936614","-100.9605417","(844) 417 4029"
"coahuila","Oficialia 07 de saltillo","Miguel Gomez 5, (cp 25300), Derramadero, Saltillo","25.4431","-101.0150404",""
"coahuila","Oficialia 08 de saltillo","Zaragoza 7, (cp 25335),gomez Farias, Saltillo","24.9686515","-101.0330717","(844) 417 31 35"
"coahuila","Oficialia 09 de Saltillo","Jesús Valdés Sánchez 1953, (cp 25298), La Aurora, Saltillo","25.4407194","-100.9397316","(844) 431-70-24"
"coahuila","Oficialia 11 de Saltillo","Carretera A Zacatecas Km 164 , (cp 25340), La Ventura, Saltillo","25.4605928","-101.0255594","(844) 431 70 24"
"coahuila","Oficialia 14 de Saltillo","Domicilio Conocido s/n , (cp 25336), San Juan Del Retiro, Saltillo","24.8553186","-101.1000121",""
"coahuila","Oficialia 15 de Saltillo","Domicilio Conocido s/n, San Juan De La Vaqueria, Saltillo","25.4605003","-101.0213193","(844) 488 08 28"
"coahuila","Oficialia 16 de saltillo","Domicilio Conocido (cp 25301), El Clavel, La Noria, Saltillo","25.4521792","-100.9487214","(844) 488 08 28"
"coahuila","Oficialia 17 de saltillo","Domicilio Conocido, Presa De San Pedro, Saltillo","25.3936616","-100.9642075","01 200 12 43 834"
"coahuila","Oficialia 01 del Registro Civil Torreon Coahuila","Allende 840 (cp 2700), Centro, Torreon","25.5428443","-103.4067861","(871) 712 22 45"
"coahuila","Oficialia 02 del Registro Civil Torreon","Allende 1118 (cp 2700), Centro, Torreon","25.5428443","-103.4067861","(871) 716 70 85"
"coahuila","Oficialia 03 del Registro Civil Torreon","Allende 239 (cp 2700), Centro, Torreon","25.5428443","-103.4067861","(871) 713 32 44"
"coahuila","Oficialia 04 del Registro Civil Torreon","Domicilio Conocido s/n (cp 27430), Flor De Jimulco, Torreon","25.5796736","-103.4218572","(871) 713 32 44"
"coahuila","Oficialia 05 del Registro Civil Torreon","Cuarzo  123 (cp 27400), La Joya, Torreon","25.5432434","-103.3377285","(871) 293 57 85"
"coahuila","Oficialia 06 del Registro Civil Torreon","Antonio De Juambelz 421 L-4, Nuevo Torreon, Torreon","25.5695159","-103.3899546","(871) 763 10 21"
"coahuila","Oficialia 07 del Registro Civil Torreon","Presidente Carranza Ote. 1764 (cp 2700), Centro, Torreon","25.5428443","-103.4067861","(871) 718 67 67"
"coahuila","Oficialia 08 del Registro Civil Torreon","Blvd. Revolucion 260, Centro, Torreon","25.5359048","-103.4522884","(871) 712 52 34"
"coahuila","Oficialia 09 del Registro Civil Torreon","Blvd. Revolucion 260 (cp 27420), La Concha, Torreon","25.6007371","-103.4073641","(871) 750-65-49"
"coahuila","Oficialia 10 del Registro Civil Torreon"," Domicilio Conocido s/n (cp 24412), La Paz, Torreon","25.5943177","-103.3578581","(871) 711-69-95"
"coahuila","Oficialia 11 del Registro Civil Torreon","Division Del Norte 161-a Las Misiones, Torreon","25.5099572","-103.4053432","(871) 209-03-99"
"coahuila","Oficialia 12 del Registro Civil Torreon","Madrid 676 (cp 27100), Torreon","25.5653262","-103.4319293","(871) 718 90 02"
"coahuila","Oficialia 01 del Registro Civil Monclova","De la Fuente 141 (cp 27500), Centro, Monclova","26.9080378","-101.4215236","01 866 632 29 22"
"coahuila","Oficialia 02 del Registro Civil Monclova","Juarez 101 (cp 27500), Centro, Monclova","26.9080378","-101.4215236","(866) 633-19-45"
"coahuila","Oficialia 03 del Registro Civil Monclova","Cuauhtemoc 821 (cp 25730), Centro, Monclova","26.9145698","-101.4181202","(866) 633 02 62"
"coahuila","Oficialia 04 del Registro Civil Monclova","Sidermex 1119 obrera Sur 2o. Sector (cp 25790), Centro, Monclova","26.8587137","-101.4330693","(866) 110 62 60 "
"coahuila","Oficialia 06 del Registro Civil Monclova","Av. San Jose 908 (cp 25048), Centro, Monclova","14.582798","121.045269","866 633 33 00"
"coahuila","Oficialia 01 del Registro Civil Acuña","Matamoros Local 2, Centro, Acuña","29.3232963","-100.9514187","(877) 772 93 64"
"coahuila"," Oficialia 02 del Registro Civil Acuña","Plaza San José Local 1-2045, Centro, Acuña","29.3232963","-100.9514187","(877) 772-15-04"
"coahuila","Oficialia 05 del Registro Civil Acuña","Noche Buena Local 3, Centro, Acuña","29.3232963","-100.9514187","(877) 773-21-86"
"coahuila","Oficialia 01 del Registro Civil Matamorros","Niños Héroes Local10-2 (cp 27440), Centro,  Matamorros","","",""
"coahuila","Oficialia 02 del Registro Civil Matamorros","Domicilio Conocido S/n, Union Del Barreal,  Matamorros","","",""
"coahuila","Oficialia 03 del Registro Civil Matamorros","Domicilio Conocido S/n, El Manantial,  Matamorros","","","(871) 125 36 58"
"coahuila","Oficialia 04 del Registro Civil Matamorros","Domicilio Conocido S/n, El Coyote,  Matamorros","","","(871) 268 12 96"
"coahuila","Oficialia 01 de San Pedro","Lerdo 4 (cp 27800), Centro, San Pedro","25.7554031","-102.9831079","(872) 772 77 38"
"coahuila","Oficialia 02 de San Pedro","Hidalgo S/n (cp 27950), Centro, San Pedro","25.7572143","-102.9838564","(872) 777 05 21"
"coahuila","Oficialia 05 de Ramos Arizpe","Blvd. Plan De Gpe 255-a (cp 25900), Centro, Ramos Arizpe","25.5414683","-100.9484801","9 62 16 12"
"coahuila","Oficialia 01 de frontera","Blvd. Juarez 507, Centro, Frontera","26.8943323","-101.4151681","(866) 634-42-37"
"coahuila","Oficialia 01 de Muzquiz","Lucio Blanco Ote. 111 (cp 26340), Centro, Muzquiz","27.8822402","-101.513999","(866) 634 42 37"
"coahuila","Oficialia 01 de Sabinas","Independencia  s/n (cp 26700), Centro, Sabinas","27.9251709","-101.2982031","(861) 612 02 26"
"coahuila","Oficialia 01 de fco. I. Madero","Domicilio Conocido s/n (cp 27915), Lequeitio, Fco. I. Madero","25.7702333","-103.2706767","(872) 773-61-03"
"coahuila","Oficialia 01 de Parras","Reforma 2-a, Lequeitio, Fco. I. Madero, Parras","25.4385379","-102.1974264","(842) 422 14 00"
"coahuila","Oficialia 01 de San Juan De Sabinas","Presidente Juarez 81, San Juan De Sabinas","27.9411223","-101.2244062","(861) 103-08-99"
