"durango","Dirección General del Registro Civil de Durango ","Sauca 721, Jardines de Durango","24.0036408","-104.6330631","(618) 137-96-76"
"durango","Oficialia 24 del registro civil de Durango","Mercurio N° 105, Fidel Velaz, Durango","24.059667","-104.6073096","618-8-14-27-40"
"durango","Oficialia 25 del registro civil de Durango","Cuauhtemoc 683, Zona sur, Durango","24.029602","-104.6565117","8-13-58-10"
"durango","Oficialia 26 del registro civil de Durango","Hidalgo 820, Durango","24.0376357","-104.6770789","618-8-11-37-60"
"durango","Oficialia 01 del registro civil de Durango","Domicilio conocido, Abraham Glez","","","5-96-18-20"
"durango","Oficialia 03 del registro civil durango","Domicilio conocido, Aquiles Serdan","23.9422222","-104.5816666","8-00-22-68"
"durango","Oficialia 04 del registro civil de Durango","Domicilio conocido, el Arenal","24.0633333","-104.4327777","8-76-50-11"
"durango","Oficialia 05 del registro civil de Durango","Domicilio conocido, Contreras","24.43207","-104.046002","8-24-90-76"
"durango","Oficialia 07 del registro civil de Durango","Batallon  de puebla (s/n), Col. 5 de Mayo","25.5759504","-103.4873075","5-96-18-20"
"durango","Oficialia 08 del registro civil en Durango","Domicilio conocido, Ignacio Zaragoza","24.3711111","-105.1486111","01-200-124-60-18"
"durango","Oficialia 10 del registro civil de Durango","Melchor Ocampo (s/n), Llano Grande","23.8636111","-105.2063888","8-76-16-16"
"durango","Oficialia 12 del registro civil de Durango","Domicilio conocido, Otinapa","24.0538888","-105.0083333","044-618-1-69-39-16"
"durango","Oficialia 13 del registro civil de Durango","Domicilio conocido, Parras de la Fuente","24.0092293","-104.6651729",""
"durango","Oficialia 14 del registro civil de Durango","Domicilio conocido, Pilar de Zaragoza","26.1047001","-103.4468419","5-96-05-12"
"durango","Oficialia 15 del registro civil de durango","Domicilio conocido, el San Benito","","",""
"durango","Oficialia 16 del registro civil de Durango","Domicilio conocido, Refugio Salcido","","","8-26-71-34 "
"durango","Oficialia 18 del registro civil de Durango","Domicilio conocido","","","5-96-18-20"
"durango","Oficialia 19 del registro civil de Durango","Domicilio conocido","","",""
"durango","Oficialia 20 del registro civil de Durango","Domicilio conocido","","","8-76-30-11"
"durango","Oficialia 21 del registro civil de Durango","Barreda 500, esquina Victoria","","","(618) 811-7786"
"durango","Oficialia 24 del registro civil de Durango","Domicilio conocido","","","5-96-18-20"
"durango","Oficialia 25 del registro civil de Durango","Domicilio conocido","","","5-96-18-20"
"durango","Oficialia 01 del registro civil de Gomez Palacio","Calzada Forjadores 503, Gómez Palacio","25.5891476","-103.485862","871-1-75-20-11 y 1-75-20-10"
"durango","Oficialia 10 del registro civil gomez palacio","C. Victoria 528, Gómez Palacio","25.5268079","-103.5203477","045-87-11-994-05"
"durango","Oficialia 01 del registro civil de Lerdo","Allende 174, Lerdo","25.4946693","-103.5919112","(871) 725-13-61 "
"durango","Oficialia 04 del registro civil de Lerdo","Gómez Palacio 314, Lerdo","25.5349618","-103.540078","045-87-12-69-09-83"
"durango","Oficialia 01 del registro civil de Pueblo Nuevo","Domicilio conocido, El salto","23.7788616","-105.357029","(675)  87-6-17-35"
