"guadalajara","Registro Civil N1","Avenida Alcalde 924, Col. Centro, (CP 44100)","20.6880711","-103.3481081","1201 8100 (Ext. 8161 y 8177) y 01800 1222827"
"guadalajara","Registro Civil N2","Abascal y Souza 436, e/ Industria y Federación (CP 44360)","20.679458","-103.3359256","3618 5290 y 3617 6460"
"guadalajara","Registro Civil N3","Carlos Carrillo 560 (esquina R. Lozada) Benito Juárez, Col. Polanco Oriente (CP 44260)","20.6596988","-103.3496092","1201 7957 y 1201-7956"
"guadalajara","Registro Civil N4","Fidel Velázquez #1513, esq. Federalismo, Col. Fábrica de Atemajac (CP 44218)","20.6596988","-103.3496092","1201 7973 y 3823 2571"
"guadalajara","Registro Civil N5","San Andrés 2508, esquina con Chamizal, Unidad Admva. Villa Mariano Escobedo","20.6353257","-103.2937751","3040 2860 y 3040 2861/62/63"
"guadalajara","Registro Civil N6","María Reyes 4300, Plaza Tetlán, e/ Perfecto G. Bustamante y Mercedes Celis","20.6596988","-103.3496092","1201 7984, 1201 7983 y 3605 1153"
