"hidalgo","Registro Civil de Hidalgo Dirección General","Plaza Juárez s/n, Col. Centro, C.P. 42000, Pachuca, Hidalgo.","20.1234391","-98.73603639999999","01 771 717 60 00 ext. 6555"
"hidalgo","Registro Civil de Acatlán","Calle 16 de enero s/n Col. Centro, Acatlán, C.P. 43540, Hgo.","","","01 775 754 51 48"
"hidalgo","Registro Civil de Acaxochitlan","Plaza Principal s/n, Col. Centro, Acaxochitlan, Hidalgo Presidencia","","","01 776 76 8 50 84"
"hidalgo","Registro Civil de Acaxoxhitlan","Plaza Principal s/n, col. Centro, Acaxochitlan, Hidalgo","20.1580998","-98.2032997","01 776 7 52 00 90"
"hidalgo","Registro Civil de Actopan","Hidalgo n° 8, Col. Centro. Actopan, Hidalgo","20.2694324","-98.9424798","01 772 72 72 7 25 88 ext 6"
"hidalgo","Registro Civil de Agua Blanca","Plaza Principal s/n, col. Centro, Agua Blanca, Hidalgo","20.4560641","-98.03296669999999","01 774 9 74 10 30, 31 y 34"
"hidalgo","Registro Civil de Alfajayucan","Plaza Cuauhtemoc s/n, Col. Centro, C.P. 42390 Alfajayucan, Hidalgo","20.4099707","-99.3478861","01 738 728 8006"
"hidalgo","Registro Civil de Almoloya","Francisco I. Madero s/n, col. Centro, Almoloya, Hidalgo","19.7010354","-98.40435509999999","01 748 9 12 16 97"
"hidalgo","Registro Civil de Apan","Lauro L. Méndez n° 6 pte. Apan, Hidalgo","19.711382","-98.45407","01 748 91 20 781"
"hidalgo","Registro Civil de Atitalaquia","Plaza Principal s/n Col. Centro, Atitalaquia, C.P. 42970, Hgo.","","","01 778 73 34 49"
"hidalgo","Registro Civil de Atlapexco","Plaza Principal s/n, Col. Centro, C.P. 43060, Atlapexco, Hidalgo","21.016947","-98.34443929999999","01 789 89 44 006 – 44 004"
"hidalgo","Registro Civil de Atotonilco","Plaza Principal s/n Col. Centro, Atotonilco de Tula, C.P. 42980, Hgo.","20.0068807","-99.2210673","01 775 735 00 54"
"hidalgo","Registro Civil de Atotonilco el Grande","Av. Juárez esq. Viesca Palma s/n, col. Centro, Atotonilco el Grande, Hidalgo","20.286679","-98.669018","01 774 7 43 00 40"
"hidalgo","Registro Civil de Calnali","Plaza Principal s/n, col. Centro, Calnali, Hidalgo","26.1003547","-98.2630684","01 774 9 74 20 48"
"hidalgo","Registro Civil de Cardonal","Plaza Principal s/n, col. Centro, Cardonal, Hidalgo","20.0531022","-99.2297238","01 759 7 27 00 93 y 94"
"hidalgo","Registro Civil de Chapantongo","Palacio Municipal s/n, Chapantongo, Hidalgo","26.1003547","-98.2630684","01 763 72 – 85 007"
"hidalgo","Registro Civil de Chapulhuacan","Francisco Sarabia s/n, Chapulhuacan, Hidalgo","21.1565211","-98.9041713","01 483 37 8 20 56 – 8 20 33"
"hidalgo","Registro Civil de Chilcuautla","Plaza Principal s/n, Chilcuautla, Hidalgo","20.3276807","-99.2314492","01 738 7 83 00 43"
"hidalgo","Registro Civil de Cuautepec de Hinojosa","Palacio Municipal s/n Col. Centro, Cuautepec de Hinojosa, C.P. 43740, Hgo.","20.0368036","-98.3170569","01 775 754 01 25 y 754 00 96"
"hidalgo","Registro Civil de El Arenal","Av. Juárez s/n Col. Centro, C.P. 42680, El Arenal, Hidalgo","20.2265612","-98.90521919999999","07 772 72 70 323 y 72"
"hidalgo","Registro Civil de Eloxochitlan","Plaza Principall s/n, col. Centro, Eloxochitlan, Hidalgo","20.4236645","-98.02527769999999","01 774 7 45 04 49"
"hidalgo","Registro Civil de Emiliano Zapata","Benito Juárez Esq. 5 de mayo, Col. Centro, C.P. 43960, Emiliano Zapata, Hidalgo","19.6566401","-98.54747619999999","01 748 91 50179 01 748 91 50508"
"hidalgo","Registro Civil de Epazoyucan","Av. Hidalgo n° 11, col. Centro, Epazoyucan, Hidalgo","20.0746227","-98.70314119999999","01 771 7 92 50 02"
"hidalgo","Registro Civil de Francisco I. Madero","Plaza 31 de mayo s/n, Col. Centro, C.P. 42660, Francisco I. Madero, Hidalgo","20.2468666","-99.09113029999999","01 738 7240112 - 0787"
"hidalgo","Registro Civil de Huasca De Ocampo","Palacio Municipal s/n, Huasca de Ocampo, Hidalgo","25.9747612","-100.446488","01 771 79 2 04 03 – 792 01 01 - 792 02 53"
"hidalgo","Registro Civil de Huautla","Plaza Principal s/n Col. Centro, Huautla, C.P. 43050, Hgo.","","","01 746 897 01 02"
"hidalgo","Registro Civil de Huazalingo","Plaza Principal s/n, col. Centro, Huazalingo, Hidalgo","20.9785884","-98.5068869","01 789 8 96 30 36 y 6 07 77"
"hidalgo","Registro Civil de Huehuetla","Plaza Principal s/n, Col. Centro, C.P. 43420, Huehuetla","20.460486","-98.0751645","01 774 79 37119"
"hidalgo","Registro Civil de Huejutla","Plaza Principal s/n, Huejutla, C.P. 43000, Hidalgo","21.1369179","-98.4117902","01 789 8 96 15 15"
"hidalgo","Registro Civil de Huichapan","Av. Miguel Hidalgo n° 1, Col. Centro, Huichapan, Hidalgo","20.3737098","-99.6471704","01 761 7 82 05 45 ext. 116"
"hidalgo","Registro Civil de Ixmiquilpan","Plaza Juárez s/n, Ixmiquilpan, Hidalgo","20.484053","-99.2178398","01 759 72 3 86 88"
"hidalgo","Registro Civil de Jacala","Héroes de 1847 s/n, col. El Calvario, Jacala, Hidalgo","21.012965","-99.1888377","01 441 2 93 30 77 y 3 32 43"
"hidalgo","Registro Civil de Jaltocan","Plaza Principal s/n, Jaltocan, Hidalgo","21.1329932","-98.5377711","01 789 85 58 072"
"hidalgo","Registro Civil de Juárez Hidalgo","Principal s/n, col. Centro, Juárez Hidalgo, Hidalgo","19.9915747","-98.86815039999999",""
"hidalgo","Registro Civil de La Misión","Palacio Municipal s/n, La Misión, Hidalgo","26.1003547","-98.2630684",""
"hidalgo","Registro Civil de Lolotla","Plaza Principal s/n, col. Centro, Lolotla, Hidalgo","26.1003547","-98.2630684","01 774 7 42 40 10"
"hidalgo","Registro Civil de Metepec","Plaza Principal s/n, Metepec, Hidalgo","20.1724975","-98.3225832","01 774 745 50 55"
"hidalgo","Registro Civil de Metzquititlan","Plaza de Armas Num. 5, col. Centro, Metzquititlan, Hidalgo","17.9491756","-94.9124634","01 774 7 42 12 16 y 2 12 20"
"hidalgo","Registro Civil de Metztitlán","Plaza Principal s/n Col. Centro, Metztitlán, C.P. 43351, Hgo.","","","01 774 743 15 47 y 743 08 41"
"hidalgo","Registro Civil de Mineral de La Reforma","Av. Hidalgo n° 32, Pachuquilla, Hidalgo","20.0725029","-98.6961372","01 771 9 8106"
"hidalgo","Registro Civil de Mineral del Chico","Plaza Principal s/n Col. Centro, Mineral del Chico, C.P. 42120, Hgo.","","","01 771 715 21 86"
"hidalgo","Registro Civil de Mineral Del Monte","Plaza Principal s/n, Col. Centro, C.P. 42130, Mineral del Monte, Hidalgo","20.1380508","-98.67286449999999","01 771 79 7 05 10 – 01 771 79 7 12 16"
"hidalgo","Registro Civil de Mixquiahuala de Juárez","Plaza de la Constitución s/n, col. Centro, Mixquiahuala, C.P. 42700, Hidalgo","20.2294619","-99.21404489999999","01 738 7 25 29 00 ext. 110"
"hidalgo","Registro Civil de Molango","Ignacio Zaragoza s/n, col. Centro, Molango, Hidalgo","20.7867224","-98.73031890000001","01 774 7 45 00 02 y 5 03 69"
"hidalgo","Registro Civil de Nicolás Flores","Plaza Principal s/n, col. Centro, Nicolás Flores, Hidalgo","21.1570696","-100.9347404","01 759 7 23 41 94"
"hidalgo","Registro Civil de Nopala de Villagran","Plaza Principal s/n, Col. Centro, Nopala de Villagran, Hidalgo.","20.2517937","-99.6447139","01 761 2 10 24"
"hidalgo","Registro Civil de Omitlan de Juárez","Plaza Juárez s/n, col. Centro, Omitlan de Juárez, C.P. 43560, Hidalgo","26.1003547","-98.2630684","01 771 7 92 21 05 y 7 92 20 75"
"hidalgo","Registro Civil de Pachuca","Plaza Pedro María Anaya n° 1, col. Centro, Pachuca, Hidalgo.","20.1265819","-98.73017089999999","01 771 713 61 00 ext. 119"
"hidalgo","Registro Civil de Pachuca","Plaza Pedro Ma. Anaya n° 1, Col. Centro, Pachuca, Hidalgo","20.1265819","-98.73017089999999","01 771 3 61 00 ext. 119"
"hidalgo","Registro Civil de Pacula","Plaza Principal s/n, col. Centro, Pacula, Hidalgo","26.1003547","-98.2630684","01 55 10 85 92 81 y 82"
"hidalgo","Registro Civil de Pisaflores","Palacio Municipal s/n, C.P. 42220, Pisaflores, Hidalgo","21.1943704","-99.0059861","01 483 3786027"
"hidalgo","Registro Civil de Progreso de Obregón","Palacio Municipal s/n, Progreso de Obregón, Hidalgo","20.2474076","-99.1871364","01 738 7 25 06 51 y 7 25 00 02"
"hidalgo","Registro Civil de San Agustín Tlaxiaca","Av. Independencia n° 2, col. Centro, San Agustín Tlaxiaca, C.P. 42160, Hidalgo","19.8522362","-97.4986752","01 743 7 91 46 47 ext. 109"
"hidalgo","Registro Civil de San Bartolo Tutotepec","Plaza Principal s/n Col. Centro, C.P. 43440, San Bartolo Tutotepec, Hidalgo","20.4013824","-98.2007943","01 775 755 32 33"
"hidalgo","Registro Civil de San Felipe Orizatlan","Plaza Principal s/n, Col. Centro, C.P. 43020, San Felipe Orizatlan, Hidalgo","21.1690704","-98.61331880000002","01 483 36 30058 – 30064"
"hidalgo","Registro Civil de San Salvador","Palacio Municipal s/n, Col. Centro, San Salvador, Hidalgo","20.2858434","-99.0156554","01 738 7 83 20 30"
"hidalgo","Registro Civil de Santiago De Anaya","Domicilio: Plaza Independencia s/n, Col. Centro, C.P. 42620, Santiago de Anaya, Hidalgo.","26.1003547","-98.2630684","01 772 7287112"
"hidalgo","Registro Civil de Santiago Tulantepec","Domicilio: Palacio Municipal s/n, Col. Centro, C.P. 43760, Santiago Tulantepec, Hidalgo.","20.0468128","-98.3553951","01 775 75 32914 –15 y 16"
"hidalgo","Registro Civil de Singilucan","Plaza del Art. 115 s/n, col. Centro, Singuilucan, Hidalgo","26.1003547","-98.2630684","01 775 7 55 29 02 y 7 70 00 55"
"hidalgo","Registro Civil de Tasquillo","Domicilio: Palacio Municipal s/n, Col. Centro, Tasquillo, Hidalgo.","26.1003547","-98.2630684","01 759 72 3 54 42 – 01 759 72 3 50 48"
"hidalgo","Registro Civil de Tecozautla","Domicilio: Plaza de la Constitución n° 1, Tecozautla, Hidalgo","20.5344569","-99.6327431","01 771 159 3 579"
"hidalgo","Registro Civil de Tenango de Doria","Dirección. Plaza Principal s/n, col. Centro, Tenango de Doria, Hidalgo.","20.3503133","-98.35988259999999","01 776 755 35 88"
"hidalgo","Registro Civil de Tepeapulco","Domicilio: Plaza de la Constitución n° 8, C ol. Centro, Tepeapulco, Hidalgo","19.7843674","-98.57965639999999","01 791 913 05 97 – 913 18 12"
"hidalgo","Registro Civil de Tepehuacan De Guerrero","Domicilio: Palacio Municipal s/n, Col. Centro, C.P. 43120, Tepehuacan de Guerrero. Hidalgo","25.9762142","-100.4502354","01 774 74 2 70 37 39"
"hidalgo","Registro Civil de Tepeji del Río","Jardín Hidalgo s/n Col. Centro, Tepeji del Río, C.P. 42850, Hidalgo.","26.1003547","-98.2630684","01 773 733 13 53, 733 13 32 y 733 00 33"
"hidalgo","Registro Civil de Tepetitlan","Plaza de la Constitución s/n, col. Centro, Tepetitlan, Hidalgo.","20.1866678","-99.3800964","01 773 7 32 55 24 y 2 55 27"
"hidalgo","Registro Civil de Tetepango","Av. Zaragoza n° 20, Col. Centro, Tetepango, Hidalgo","20.1016602","-99.1622687","01 778 7 82 40 43"
"hidalgo","Registro Civil de Tezontepec de Aldama","Aldama n° 1 Col. Centro, Tezontepec de Aldama, C.P. 42760, Hgo.","20.1916672","-99.2726331","01 763 737 51 01 y 737 51 02"
"hidalgo","Registro Civil de Tianquistengo","Plaza Principal n° 68, Col. Centro, C.P. 43270, Tianquistenco, Hildago","22.9507649","-102.7009991","01 774 74 40106 – 40107"
"hidalgo","Registro Civil de Tizayuca","Plaza Principal s/n, col. Centro, Tizayuca, Hidalgo","19.8538245","-98.9785964","01 779 96 33 3 y 6 02 33"
"hidalgo","Registro Civil de Tlahuelilpan","Palacio Municipal s/n, col. Centro, Tlahuelilpan, Hidalgo","26.1003547","-98.2630684","01 763 7 86 00 10 y 7 86 00 11"
"hidalgo","Registro Civil de Tlahuiltepa","Plaza Principal s/n, col. Centro, Tlahuiltepa, CP 43170, Hidalgo","26.1003547","-98.2630684","01 200 12 32 86 970 y 71"
"hidalgo","Registro Civil de Tlanalapa","Domicilio: Plaza Principal s/n, Tlanalapa, Hidalgo","26.1003547","-98.2630684","01 791 91 3 11 53"
"hidalgo","Registro Civil de Tlanchinol","Plaza Principal s/n, col. Centro, Tlanchinol, Hidalgo","20.986192","-98.66762489999999","01 774 9 74 00 18"
"hidalgo","Registro Civil de Tlaxcoapan","Plaza Principal s/n, col. Centro, Tlaxcoapan, Hidalgo","20.0531022","-99.2297238","01 778 7 37 00 56 y 7 00 35"
"hidalgo","Registro Civil de Tolcayuca","Plaza de la Patria n° 1 Col. Centro, Tolcayuca, C.P. 43860, Hgo.","19.9563274","-98.9222255","01 743 741 09 77"
"hidalgo","Registro Civil de Tula De Allende","Plaza del Nacionalismo s/n, Col. Centro, Tula de Allende, Hidalgo","20.0520145","-99.333773","01 773 732 1082 1183 1495 ext 128 – 102"
"hidalgo","Registro Civil de Tulancingo de Bravo","Domicilio: Plaza Cívica Manuel Fernando Soto s/n, Fracc. Los Pinos, C.P. 43602, Tulancingo, Hidalgo.","20.0904802","-98.3690922","01 775 75 50477"
"hidalgo","Registro Civil de Villa De Tezontepec","Palacio Municipal s/n, Col. Centro, C.P. 43880, Villa de Tezontepec, Hidalgo","19.8820941","-98.8218954","01 74374 10011- 1 04 44"
"hidalgo","Registro Civil de Xochiatipan","Plaza Principal s/n Zona Centro, Xochiatipan, Hidalgo","26.1003547","-98.2630684","01 771 1042670"
"hidalgo","Registro Civil de Xochicoatlan","Plaza Hidalgo s/n, col. Centro, Xochicoatlan, Hidalgo","20.7771379","-98.6799359","01 774 7 44 00 60"
"hidalgo","Registro Civil de Yahualica","Av. s/n,col. Centro, Yahualica, C.P. 43080, Hidalgo","26.1003547","-98.2630684","01 774 9 74 40 79"
"hidalgo","Registro Civil de Zacualtipan","Plaza Principal s/n, Col. Centro, C.P. 43200, Zacualtipan, Hidalgo.","20.6536231","-98.6511208","01 774 74 20022"
"hidalgo","Registro Civil de Zapotlan","Plaza Constitución s/n, col. Centro, Zapotlan, Hidalgo","19.9738134","-98.86198019999999","01 43 91 01 32"
"hidalgo","Registro Civil de Zempoala","Plaza Principal s/n, col. Centro, Zempoala, Hidalgo","19.9145814","-98.68786329999999","01 43 41 50 88 y 1 50 44"
"hidalgo","Registro Civil de Zimapan","Plaza Constitución n° 1, Col. Centro, Zimapan, Hidalgo.","20.7374362","-99.38266109999999","01 759 7 28 21 16"
"hidalgo","Presidencia Municipal","Plaza Principal s/n Col. Centro, Ajacuba, Hidalgo","20.1808381","-99.0371252","01 778 78 2 43 24"
"hidalgo","INEGI Pachuca","Blvd. Felipe Angeles s/n, Plaza Perisur Edificio GM 3er. Piso, Col. Venta Prieta, Pachuca, Hidalgo.","20.0876193","-98.7669789","01 771 711 08 51 10"
"hidalgo","Instituto Nacional de Migración Delegación Regional Hidalgo","Blvd. Felipe Angeles s/n, Santa Julia, Pachuca, Hidalgo.","20.1018085","-98.7621867","01 771 718 79 33"
