"jalisco","Dirección General del Registro Civil","Av. Alcalde No. 1855 Edif. De Archivo P. B. Sector Hidalgo, C.P. 44280, Guadalajara, Jalisco","20.6850452","-103.342846","01 33 38-19-24-56"
"jalisco","Registro Civil Acatic","Hidalgo 24, Col. Centro, C.P. 45470, Acatic, Jalisco","20.7803138","-102.9100069","01 378 715 00 13"
"jalisco","Registro Civil Ahualulco de Mercado","González Madrid No. 11, Col. Centro, Ahualulco de Mercado, Jalisco.","20.7010056","-103.9764876","13 867 52 01 58"
"jalisco","Registro Civil Ajijic","Colón No. 23 Col. Centro, C. P. 45920, Ajijic, Jalisco","20.2997518","-103.2649049","01 376 76 61 760"
"jalisco","Registro Civil Ameca","Juàrez No. 32, Col. Centro, C.P. 46600, Ameca, Jalisco","20.5489137","-104.0391615","0137580014 Ext. 121"
"jalisco","Registro Civil Arandas","Francisco Mora No. 76, Col. Centro, C.P. 47180, Arandas, Jalisco","20.705006","-102.345371","13487847405"
"jalisco","Registro Civil Atemajác de Brizuela","Juárez No. 14 Col. Centro, C. P. 45790, Atemajac de Brizuela, Jalisco","21.9911111","-103.2344444","01 326 42 50 114"
"jalisco","Registro Civil Atotonilco El Alto","Unidad Administrativa Benito Juàrez, Col. Centro, C.P. 47750 Atotonilco El Alto, Jalisco","21.5308625","-102.2383413","13919173424"
"jalisco","Registro Civil Atoyac","Independencia 96, Col. Centro, C.P. 49200, Atoyac, Jalisco.","20.0084127","-103.517899","13 724 10 21 21"
"jalisco","Registro Civil Autlán de Navarro","Venustiano Carranza No. 1, Col. Centro, Autlán de Navarro, Jalisco.","19.7719059","-104.3667968","01 317 38 11 299"
"jalisco","Registro Civil Ayotlan","Clemente Aguirre, Col. Centro, C.P. 47930, Ayotlan, Jalisco","20.5275683","-102.333377","13459182217"
"jalisco","Registro Civil Ayotlan ( La Rivera)","Hidalgo No. 13 A, Col. C.P. 59250 Ayotlan, Jalisco","21.9911111","-103.2344444","13 56 56 80 999"
"jalisco","Registro Civil Ayutla","Palacio Municipal sn, Col. centro C.P. 48050 Ayutla, Jalisco","20.1280233","-104.3439311","01 316 37 200 14"
"jalisco","Registro Civil Cabo Corrientes","Portal Hidalgo No. 12, Col. Centro, C.P. 48400, Cabo Corrientes, Jalisco","18.9799468","-97.78439940000001","322 36 90090 y 90101"
"jalisco","Registro Civil Casimiro Castillo","Carranza Silva No. 1, Col. Centro, C.P. 48930, Casimiro Castillo, Jalisco","19.6034846","-104.4356986","13573880039"
"jalisco","Registro Civil Cocula","Portal Obregón No. 30,Col. centro, Cocula, Jalisco","20.36489","-103.8228094","01 377 77 34 061"
"jalisco","Registro Civil Colotlán","Hidalgo No. 33, Col. Centro, Colotlán, Jalisco.","22.1126904","-103.268445",""
"jalisco","Registro Civil Cihuatlán","Juárez No. 57, Col. Centro, Cihuatlán, Jalisco.","19.2382916","-104.5562342","01 315 35 53 083"
"jalisco","Registro Civil Cuquio","Jose Ayala s/n, Col. Centro, Cuquio, Jalisco.","21.9911111","-103.2344444","13793 73 79 65 500"
"jalisco","Registro Civil Chapala","Madero No. 5, Col. Centro, Chapala, Jalisco.","20.3026657","-103.1912035","01 376 76 55 05"
"jalisco","Registro Civil Degollado","Defensores No. 48, Col. Centro, C.P. 47980, Degollado, Jalisco","20.4457911","-102.1347264","13459370101"
"jalisco","Registro Civil El Grullo","Obregón No. 48, Col. Centro,El Grullo, Jalisco","19.8057162","-104.2143417","01 321 38 72 067"
"jalisco","Registro Civil Encarnación de Díaz","Constitución s/n, Col. Centro, Encarnación de Díaz, Jalisco","21.5263101","-102.2402568","01 475 95 32 163"
"jalisco","Registro Civil Etzatlán","Escobedo No. 320, Col. Centro, Etzatlán, Jalisco","20.7636475","-104.0808079","01 386 75 30 785"
"jalisco","Registro Civil Gómez Farias","Leandro Valle No. 5, Col. Centro, Gómez Farias, Jalisco","19.2498312","-103.7217714","01 341 43 300 10 ext. 109"
"jalisco","Registro Civil La Huerta","Juàrez No. 15, Col. Centro, C.P. 48850, La Huerta, Jalisco","19.4835278","-104.6429985","13573840046"
"jalisco","Registro Civil Ixtlahuacan del Río","República No. 2, Col. Centro, Ixtlahuacan del Río, Jalisco","20.8622569","-103.239969","01 373 73 47 123"
"jalisco","Registro Civil Jalostotitlan","Palacio Municipal s/n, Col. Centro, C.P. 47120, Jalostotitlan, Jalisco","21.9911111","-103.2344444","14317460654"
"jalisco","Registro Civil Jamay","Madero No. 75, Col. Centro, C.P. 47901, Jamay, Jalisco.","20.2960475","-102.7106394","13 929 24 12 58"
"jalisco","Registro Civil Jesús María","Orozco Romero No. 24, Col. Centro, C.P. 47950 Jesús María, Jalisco","20.6043184","-102.2254221","13487040034"
"jalisco","Registro Civil Jocotepec","Hidalgo No. 6, Col. Centro, Jocotepec, Jalisco","20.2864104","-103.430284","01 387 76 31 762"
"jalisco","Registro Civil Juanacatlan","Independencia No. 1, Col. Centro, C.P. 45880, Juanacatlan, Jalisco.","20.506264","-103.1717391","373 20 311"
"jalisco","Registro Civil Magdalena","Hidalgo NO. 45, Col. Centro, C.P. 46470, Magdalena, Jalisco","20.9075589","-103.9798749","13867440187"
"jalisco","Registro Civil Mezquitic","Jardín Hidalgo s/n, Col. Centro, Mezquitic, Jalisco","21.9911111","-103.2344444","01 457 98 100 44"
"jalisco","Registro Civil Ojuelos","Mariano Azuela No. 25, Col. Centro, Ojuelos, Jalisco","21.8669789","-101.5909809","01 496 85 101 94"
"jalisco","Registro Civil Pihuamo","Morelos No. 7, Col. Centro, Pihuamo, Jalisco","19.2537372","-103.3796015","01 312 39 60 236"
"jalisco","Registro Civil Poncitlan","Ramón Corona No. 25, Oriente, Poncitlan, Jalisco","20.379337","-102.9261793","31 391 92 1 12 59"
"jalisco","Registro Civil Puerto Vallarta","Dirección:Peru No. 201, Col. Centro, C.P.45680,El Salto, Jalisco","21.9911111","-103.2344444","132 23 42 39"
"jalisco","Registro Civil Quitupan","Calle Libertad No. 42, Col. Centro, C.P. 59510, Quitupan, Jalisco","18.0910399","-98.12447879999999","13825750003"
"jalisco","Registro Civil San Diego de Alejandría","Ramón Corona No. 101, Col. Centro, San Diego de Alejandría, Jalisco","20.817006","-102.7569039","01 395 72 600 60"
"jalisco","Registro Civil San Ignacio Cerro Gordo","Juárez No. 12, Col. Centro, San Ignacio Cerro Gordo, Jalisco","20.8272807","-102.5905609","01 348 71 60 990"
"jalisco","Registro Civil San Juan de los Lagos","Simón Hernández No. 1, Col. Centro, San Juan de los Lagos, Jalisco","21.2458044","-102.333686","01 395 78 50 001"
"jalisco","Registro Civil San Juanito de Escobedo","Morelos No. 32, Col. Centro, San Juanito de Escobedo, Jalisco","20.7986376","-104.0029781","13 867 54 00 40"
"jalisco","Registro Civil San Julián","Hidalgo No. 23, Col. Centro, San Julián, Jalisco","21.0107095","-102.18078","01 347 71 800 01"
"jalisco","Registro Civil San Marcos","Madero No. 25, Col. Centro, San Marcos, Jalisco","20.6731881","-103.3436967","01 386 75 70 408"
"jalisco","Registro Civil San Miguel el Alto","Portal Independencia No. 4, San Miguel el Alto, Jalisco","21.0331813","-102.4014493","01 347 78 82 040 ext. 116"
"jalisco","Registro Civil San Sebastián del Oeste","Juárez No. 3, Col. Centro, C.P. 46990, San Sebastián del Oeste, Jalisco","20.7613306","-104.8528075","13222972945"
"jalisco","Registro Civil Sayula","Mariano Escobedo No. 52, Col. Centro, C.P. 49300, Sayula, Jalisco","19.7728984","-104.3676144","13424220283"
"jalisco","Registro Civil Tala","Ramón Corona No. 5, Col. Centro, C.P. 45300, Tala, Jalisco.","20.6491015","-103.6889243","13 847 38 00 05"
"jalisco","Registro Civil Talpa de Allende","Independencia No. 32, Col. Centro, C.P. 48200, Talpa de Allende, Jalisco","20.3822232","-104.8232348","01 388 38 50009"
"jalisco","Registro Civil Tamazula de Gordiano","Ramón Corona No. 32, Col. Centro, Tamazula de Gordiano, Jalisco","19.6848618","-103.247037","01 358 41 62 612"
"jalisco","Registro Civil Tapalpa","Agustín Yañez No. 2, Col. Centro, Tapalpa, Jalisco","19.9444112","-103.7571359","01 343 20 008"
"jalisco","Registro Civil Tecalitlan","Calle Juárez No. 56 Poniente, Col. Centro, C.P. 49900, Tecalitlan, Jalisco","19.4715159","-103.3070959","01 371 41 8 28 56"
"jalisco","Registro Civil Teocaltiche","Plaza Principal No. 50, Col. Centro, Teocaltiche, Jalisco","22.9507547","-102.7010098","01 346 787 21 52"
"jalisco","Registro Civil Tepatitlán de Morelos","Hidalgo No. 45, Col. Centro, Tepatitlán de Morelos, Jalisco","20.8119927","-102.7584666","01 378 78 88 700"
"jalisco","Registro Civil Teuchitlán","16 de Septiembre No. 10, Col. Centro, Teuchitlán, Jalisco","20.6834998","-103.8480176","01"
"jalisco","Registro Civil Tizapan El Alto","Independencia No. 170, Col. Centro,C.P. 49400, Tizapan, Jalisco.","20.1592912","-103.0446699","13 076 76 81 158"
"jalisco","Registro Civil Tlajomulco de Zuñiga","Donato Guerra No. 10,Col. Centro, C.P. 45640, Tlajomulco de Zuñiga, Jalisco.","20.4758429","-103.4471239","01 33 32 83 44 44 ext. 3450 y 3451"
"jalisco","Registro Civil Toliman","J. Santos Palacios No. 16, Col. Centro, C.P. 49750, Toliman, Jalisco.","19.6012299","-103.9149432","13 434 34 01 28"
"jalisco","Registro Civil Tomatlán","Constitución No. 2, Col. Centro, Tomatlán, Jalisco.","19.9434696","-105.2466443","01 322 29 85 411"
"jalisco","Registro Civil Tonala","Morelos No. 20, Col. Centro, C.P. 45418, Tonala, Jalisco","20.6288882","-103.2576906","32843019"
"jalisco","Registro Civil Tonala Oficialía No. 8","Atotonilco el Alto No. 6, Col. Centro, Tonala, Jalisco","20.6237413","-103.2413723","01 360 77 014"
"jalisco","Registro Civil Tonala Oficialía No. 9","Vegetación No. 64, Col. Centro, Tonala, Jalisco","20.6289489","-103.2736367","01 368 12 375"
"jalisco","Registro Civil Totatiche","Hidalgo No. 37, Col. Centro, Totatiche, Jalisco","21.9304404","-103.4410621","01 437 96 40 162"
"jalisco","Registro Civil Tototlan","Juárez No. 35, Col. Centro, C.P. 48000, Tototlan, Jalisco","21.9911111","-103.2344444","3919160051"
"jalisco","Registro Civil Tuxpan","Reforma No. 6, Col. Centro, C.P.. 49800, Tuxpan, Jalisco.","19.5572679","-103.3789461","13 714 17 43 17"
"jalisco","Registro Civil Unión de San Antonio","Iturbide No. 1, Col. Centro, Unión de San Antonio, Jalisco","21.1291865","-102.0068559","01 395 72 50 124"
"jalisco","Registro Civil Unión de Tula","Calle Juárez No. 56 Poniente, Col. Centro, C.P. 48000, Unión de Tula, Jalisco","21.9911111","-103.2344444","31 637 10 011 Ext. 124 y 128"
"jalisco","Registro Civil Valle de Guadalupe","P0alacio Municipal S/N, Col. Centro, Valle de Guadalupe, Jalisco.","20.6630564","-103.4159593","13 477 14 00 40"
"jalisco","Registro Civil Villa Corona","Calle Juárez No. 56 Poniente, Col. Centro, C.P. 49900, Tecalitlan, Jalisco","19.4715159","-103.3070959","01 371 41 8 28 56"
"jalisco","Registro Civil Villa Guerrero","Independencia No. 23, Col. Centro, Villa Guerreo, Jalisco.","20.5781811","-103.1222526","01 437 96 450 52 ext. 106"
"jalisco","Registro Civil Villa Purificación","Nicolas Bravo No. 95, Col. Centro, C.P. 48800, Purificación, Jalisco.","19.199976","-96.14416229999999","01 35 73 75 01 40 Ext. 110"
"jalisco","Registro Civil Yahualica de González Gallo","Juárez No. 28, Col. Centro, Yahualica de González Gallo, Jalisco.","21.9911111","-103.2344444","01 344 78 41 888"
"jalisco","Registro Civil Zacoalco de Torres","Leandro Valle No. 13, Col. Centro, C.P. 45750, Zacoalco de Torres, Jalisco","20.2308536","-103.5714159","42300071"
"jalisco","Registro Civil Zapotiltic","Reforma No. 6, Col. Centro, C.P. 49600, Zapotiltic, Jalisco","19.6267993","-103.4169316","0134140442"
"jalisco","Registro Civil Zapotlán del Rey","Juárez No. 26, Col. Centro, Zapotlán del Rey, Jalisco.","20.387111","-102.920275","01 391 92 15 175"
"jalisco","Registro Civil Zapotlanejo","Reforma No. 32, Col. Centro, Zapotlanejo, Jalisco.","20.6218977","-103.069245","01 373 73 41 024"
"jalisco","SEDESOL, Modalidad Identidad Jurídica del Estado","Lerdo de Tejada n° 2466, Col. Obrera Centro, C.P. 44200, Guadalajara, Jal.","22.2389022","-97.8472589","01 333 616 66 70"
"jalisco","INEGI Guadalajara","Av. 16 de Septiembre n° 670, Col. Mexicaltzingo C.P.44180, Guadalajara, Jal.","20.6659624","-103.3487556","01 333 658 49 61"
"jalisco","Instituto Nacional de Migración Delegación Regional Jalisco","Av. Alcalde # 500, Col. Centro, Guadalajara, jalisco.","20.6849639","-103.3478965","01 333 942 02 20 ( 207 )"
