"monterrey","Registro Civil 1","Zaragoza 122 (CP 64000)","25.6761978","-100.3094882","2020 9772"
"monterrey","Registro Civil 2","Garibaldi 627 sur (CP 64000)","25.6701489","-100.3172008","8345 6798 y 8342 8573"
"monterrey","Registro Civil 3","Escobedo 818 Nte., e/Salazar y Arteaga","25.684738","-100.3324913","8375 6457"
"monterrey","Registro civil 4","Tapia 942 , e/Villagómez y Villagrán","25.6564868","-100.2379439","8375 1384"
"monterrey"," Registro civil 5","Fernando Montes de Oca, e/Arteaga y Salazar","25.6494412","-100.3113446","8355 2022"
"monterrey","Registro civil 6","Avenida Paseo de los Leones 838, Col. Cumbres, 2° sector","25.7104672","-100.3759781","8371 4260"
"monterrey","Registro civil 7","Avenida Garza Sada  2322, Col. Roma (CP 64700)","25.6553552","-100.2950622","8359 7515"
"monterrey","Registro civil 8","Colón  1812 pte, Centro (CP 64000)","25.6779592","-100.3307754","8372 3026"
"monterrey","Registro civil 9","Capitán Mariano Azueta, cruz con Juventino Rosas Col. Buenos Aires (CP 64800)","25.666055","-100.2880265","8358 5116"
"monterrey","Registro civil 10","Avenida Colón cruz con Diego de Montemayor, Centro (CP 64000)","25.6731055","-100.3055339","8372 6243"
"monterrey","Registro civil 11","Avenida L. Cárdenas 3828, Col. Las Torres (CP 64930)","25.6212005","-100.2862606","8365 4615"
"monterrey","Registro civil 12","Avenida Lincoln 6516, Fracc. Villa Cumbres  (CP 63340)","25.6866142","-100.3161126","1095 9395"
"monterrey","Registro civil 13","Sinaloa 821, e/16 de Septiembre e Iguala, Col. Nuevo Repueblo (CP 64720)","19.0339176","-98.2047631","8190 1771"
"monterrey","Registro civil 14","Avenida Vicente Guerrero 2500, esq. con la Avenida Ruíz Cortínez,Plaza Centrika, Local S.18, Col. Centrika (CP 66410)","25.6866142","-100.3161126","8351 4702"
"monterrey","Registro civil 15","Rio Potomac 220, Col. Central e/Rio Santa Catarina y Xilofactos (CP 64190)","25.7223728","-100.3405343","8371 5094"
"monterrey","Registro civil 16","Avenida Colón, Cruz con Idelfonso Vazquez, Col. Francisco I, Madero (CP 64560)","25.6909562","-100.2807753","8355 4670"
"monterrey","Registro civil 17","Tapia  715, e/Dr. Coss y Zuazua,  Centro  (CP 64000)","25.6640485","-100.3107207","8372 9888 y 8372 1781"
"monterrey","Registro civil 18","Avenida Alfonso Reyes S/N, Cruz con Raúl Chapa, Col. Burocratas Municipales, Centro (CP 64000)","25.6780368","-100.3133067","8358 9526"
"monterrey","Registro civil 19","Avenida Gonzalitos 2211, e/Nevado de Toluca y Volcán de Ajusco (CP 64460)","25.6866142","-100.3161126","8373 1988"
"monterrey","Registro civil 20","5 de Mayo 975, Ote. Local 4, e/Platón y Diego de Montemayor, Centro (CP 64000)","25.6731055","-100.3055339","8344 7863"
"monterrey","Registro civil 21","Avenida Lincoln 3624-A, e/Jardín del Parque y Ciudad Limón, Col. Residencial Lincoln (CP 64300)","25.6866142","-100.3161126","8311 1100"
"monterrey","Registro civil 22","Emilio Garza Melendez 6524, Planta Baja, Col. Ciudad Satelite, Lagos del Bosque (CP 64890)","25.6023415","-100.2623667","8103 7386"
"monterrey","Registro civil 23","Centro Cívico Francisco Zarco, e/Garza García y Salinas, Col. Topo Chico (CP 64260)","25.734944","-100.330095","8332 0782"
"monterrey","Registro civil 24","General B. Mitre 4578, Col. San Martin (CP 64210)","25.7888455","-100.408071","8322 6141"
"monterrey","Registro civil 25","Liendo 610, Local 104, e/Matamoros y Padre Mier, Col. María Luisa","25.6866142","-100.3161126"," 2020 9719"
"monterrey","Registro civil 26","Avenida Paseo de Leones 200-2, Esquina con Termopila, Col. Cumbres tercer sector","25.6866142","-100.3161126","8345 5482"
"monterrey","Registro civil 27","Doctor Coss 1309, e/Constitución y Guillermo Prieto","25.6643197","-100.3093252","2020 9953 / 54"
"monterrey","Registro civil 28","Boulevard Puerta del Sol  319, Local  6, Centro Comercial Plaza Colima, Col. Colinas de San Jeronimo (CP 64630)","25.6854342","-100.3749677","8347 7316"
"monterrey","Registro civil 29","Avenida Cuauhtémoc 200 Nte., Centro, (CP 64000)","25.6775882","-100.3182483","8340 3220"
"monterrey","Registro civil 30","Bartolomé Mitre 241-A , Col. Fomerrey 111 (CP 64000)","25.6866142","-100.3161126","1087 0080"
"monterrey","Registro civil 31","San Luis Potosí 405, e/16 de Septiembre y 5 de Febrero, Col. Independencia","25.6600432","-100.3124774","8190 8170"
"monterrey","Registro civil 32","Avenida Félix U. Gómez 1518-A, Col. Terminal (CP 64580)","25.6870067","-100.296533","8372 1747"
