"morelos","Dirección General del Registro Civil","Calle de la Luz n° 88, Col. Centro, C.P. 62000, Cuernavaca, Morelos","18.9800087","-99.2414922","01 777 322 24 89"
"morelos","Registro Civil de Atlatlahucan","Independencia esq. Hidalgo s/n, Barrio San Mateo, Atlatlahucan, Morelos","18.9363923","-98.8988382","01 735 351 40 16 ext. 20"
"morelos","Registro Civil de Axochiapan Oficialía 01","Leandro Valle s/n, Col Centro, C.P. 62950, Axochiapan, Morelos","18.5023942","-98.7538051","01 769 351 00 24 ext. 207"
"morelos","Registro Civil de Ayala","Rodrigo Avelar n° 8, Col. Centro, C.P. 62700, Ayala, Morelos","18.7682343","-98.98057179999999","01 735 308 23 44 ext. 227"
"morelos","Registro Civil de Cuautla Oficialía 01","Portal Morelos n° 1, Col. Centro, C.P. 62740, Cuautla, Morelos","18.8122899","-98.9552722","01 735 352 34 77"
"morelos","Registro Civil de Cuernavaca Oficialia 3","Av. Universidad n° 108, Col. Buenavista, C.P. 62130, Cuernavaca, Morelos","18.9666253","-99.2454256","01 777 311 69 89"
"morelos","Registro Civil de Emiliano Zapata Oficialía 01","Plaza 10 de Abril s/n, Col. Centro, C.P. 62760, Emiliano Zapata, Morelos","18.8410226","-99.1833048","01 737 368 06 57"
"morelos","Registro Civil de Huitzilac","Calle Lázaro Cárdenas n° 1, Col. Centro, C.P 62510, Huitzilac, Morelos","19.4501227","-104.3630689","01 739 393 02 94"
"morelos","Registro Civil de Jantetelco Oficialía 01","Reforma s/n, Col. Centro, C.P. 62970, Jantetelco, Morelos","18.7159227","-98.7770328","01 735 311 20 04"
"morelos","Registro Civil de Jiutepec","R Ampudia del Valle n° 18, Col. Centro, C.P. 62550, Jiutepec, Morelos","18.8817373","-99.17789870000001","01 777 319 59 76"
"morelos","Registro Civil de Jiutepec Oficialía 02","Av. Hidalgo n° 1 esq. Real de Yautepec, C.P. 62570 Tejalpa, Jiutepec, Morelos","18.9010868","-99.1679709","01 77 321 12 04"
"morelos","Registro Civil de Jojutla","Jardín Central s/n, Col. Centro, Jojutla, Morelos","18.6134935","-99.1797737","01 734 342 875"
"morelos","Registro Civil de Jonacatepec Oficialía 01","Plaza Zapata s/n, Col. Centro, Jonacatepec, C.P. 62930, Morelos","18.6800865","-98.80337879999999","01 735 355 16 44"
"morelos","Registro Civil de Mazatepec Oficialía 01","Aldama n° 18, Col. Centro, C.P. 62630, Mazatepec, Morelos","18.7255539","-99.36279909999999","01 737 373 06 01"
"morelos","Registro Civil Miacatlán","Plaza Emilio Carranza s/n, Col. Centro, Miacatlan, C.P. 62600, Morelos","18.7696241","-99.3596546","01 737 373 02 14"
"morelos","Registro Civil Puente de Ixtla","Inter. Jardín Juárez s/n, Col. Centro, C.P. 62660, Puente de Ixtla, Morelos","18.6167884","-99.3222279","01 751 344 02 97"
"morelos","Registro Civil de Ocuituco","Plaza Principal s/n, Col. Centro, C.P. 62850, Ocuituco, Morelos","18.8776584","-98.77393239999999","01 731 357 01 01"
"morelos","Registro Civil de Temixco","Av. Emiliano Zapata n° 16, Col. Centro, C.P. 62580, Temixco, Morelos","18.84525","-99.223866","01 777 365 30 68"
"morelos","Registro Civil de Temoac","Carr. Emiliano Zapata s/n, C.P. 62870, Col. Centro, Temoac, Morelos","18.7725947","-98.77507310000001","01 731 357 41 04"
"morelos","Registro Civil Tepalcingo","Reforma s/n, Col. Barrio San Martín, Tepalcingo, Morelos","18.6366815","-98.9590375","01 769 351 81 31"
"morelos","Registro Civil de Tepoztlan Oficialía 01","Envila s/n Esq. 5 de mayo, Col. Centro, Tepoztlan, C.P. 62520, Morelos","18.9848015","-99.0930528","01 739 395 34 6"
"morelos","Registro Civil Tetecala","Plaza de la Constitución s/n, Col. Centro, Tetecala, Morelos","18.7314813","-99.3336588","01 751 396 02 28"
"morelos","Registro Civil de Tétela del Volcán","Plaza Principal s/n, C.P. 62800, Tétela del Volcán, Morelos","18.8871102","-98.73591839999999","01 731 337 12 01"
"morelos","Registro Civil Tlaltizapan","Hidalgo Sur n° 02, Col. Centro, Tlaltizapan, C.P. 62770, Morelos","18.6828913","-99.11811639999999","01 734 5 17 54"
"morelos","Registro Civil de Tlaquiltenango","Plaza Revolución s/n, Col. Centro, Tlaquiltenango, Morelos","18.6300091","-99.1606456","01 734 214 32"
"morelos","Registro Civil Tlayacapan","Plaza Constitución s/n, C.P. 62540, Col. Centro, Tlayacapan, Morelos","18.6366815","-98.9590375","01 735 35 76 75"
"morelos","Registro Civil de Totolapan","Plaza de la Constitución s/n, Col. Centro, C.P. 62830, Totolapan, Morelos","18.6366815","-98.9590375","01 735 351 42 73 ext. 209"
"morelos","Registro Civil Xochitepec","Plaza Colón s/n Esq. Rep. De Costa Rica, Col. Centro, C.P. 62790, Xochitepec, Morelos","18.7816016","-99.23090219999999","01 777 361 21 58, 361 24 05 ext. 112"
"morelos","Registro Civil de Yautepec","Jardín Juárez n°1, Col. Centro, CP.62731, Yautepec, Morelos","18.885595","-99.060858","01 735 394 07 88"
"morelos","Registro Civil Yecapixtla","Plazuela Libertad n° 102, Col. Centro, C.P. 62220, Yecapixtla, Morelos","22.9454415","-102.7064204","01 731 357 20 17, 7 20 17, 7 51 46, 7 27 20"
"morelos","Registro Civil de Zacatepec","Emiliano Zapata n° 23, C.P. 62780, Col. Centro, Zacatepec, Morelos","18.6603171","-99.18625039999999","01 734 3 22 26, 3 44 84, 3 44 85"
"morelos","Registro Civil Zacualpan","Plaza de la Constitución n° 1, Col. Centro, C.P. 62890, Zacualpan, Morelos","19.316948","-98.2374365","01 731 357 80 28"
"morelos","Instituto Nacional de Migración Delegacion Regional Morelos","1ª. Priv. de la Luz No. 25, col. Chapultepec, Cuernavaca, Morelos","18.9178508","-99.2100619","01 777 3 15 96 10 ext. 204"
