"nayarit","Registro Civil Dirección General","México y Abasolo S/N, Col. Centro C.P. 63000, Tepic, Nayarit.","21.5076659","-104.8932734","01 311 215 21 46 Directo"
"nayarit","Registro Civil Acaponeta","Morelos n° 6 Pte., Col. Centro, C.P. 6343, Acaponeta, Nayarit","21.7379898","-105.2300856","01-325-2-52-21-36"
"nayarit","Registro Civil de Ahuacatlan","Hidalgo y 20 de Noviembre s/n, Col. Centro, C.P. 63900, Ahuacatlan, Nayarit","21.0507464","-104.4848057","01-324-241-03-96"
"nayarit","Registro Civil de Amatlán de Cañas","Emilio Carranza s/n, Col. Centro C.P. 63961, Amatlán de Cañas , Nayarit","20.8076722","-104.4040539","01 324 2 47 01 45"
"nayarit","Registro Civil Bahía de Banderas","Zacatecas, No. 10, Col. Centro, C.P. 63731, Bahía de Banderas, Nay.","20.8083217","-105.2417882","01 329 29 10 63 1"
"nayarit","Registro Civil de Compostela","Hidalgo y Morelos s/n, Col. Centro, C.P. 63700, Compostela, Nayarit.","21.7379898","-105.2300856","01 327 277 05 24"
"nayarit","Registro Civil de El Nayar","Jesús María s/n, Col. Centro C.P. 63530, El Nayar , Nayarit","22.2517757","-104.5163033","01 200 1 24 80 70"
"nayarit","Registro Civil de Huajicori","Abasolo y Prisciliano Sánchez s/n, C.P. 63480, Huajicori, Nayarit","21.7379898","-105.2300856","01 325 25 17 060"
"nayarit","Registro Civil de Ixtlan del Rio","Hidalgo y Francisco I. Madero s/n, Col. Centro C.P. 63940., Tepic.Nayarit.","21.0351231","-104.3687529","01 324 24 34 258"
"nayarit","Registro Civil de Jala","Presidencia Municipal s/n, Col. Centro , Jala, Nayarit","21.7379898","-105.2300856","01 324 6 2 76 00 03"
"nayarit","Registro Civil de Rosamorada","México n° 14, Col. Centro C.P. 63630, Rosamorada , Nayarit","22.1220309","-105.2055226","01 319 2 34 00 05 y 2 34 00 01"
"nayarit","Registro Civil de Ruiz","Hidalgo n° 214, Col. Centro, C.P. 63000, Ruiz, Nayarit.","21.7379898","-105.2300856","01 319 2 33 01 50"
"nayarit","Registro Civil de San Blas","Canalizo y Sinaloa s/n, Col. Centro, C.P. 63740, San Blas, Nayarit","21.5261411","-105.2787299","01 323 2 85 00 05 y 2 85 02 03"
"nayarit","Registro Civil de Santa María del Oro","Ramón Corona s/n, Col. Centro C.P. 63830, Santa María del Oro , Nayarit","21.7379898","-105.2300856","01 327 2 44 01 90 ext. 108"
"nayarit","Registro Civil de San Pedro Lagunillas","Hidalgo y Zaragoza s/n, Col. Centro C.P. 63800, San Pedro Lagunillas , Nayarit","21.7379898","-105.2300856","01 327 2 58 50 36"
"nayarit","Registro Civil de Santiago Ixcuintla","Calle 20 de Noviembre e Hidalgo s/n, Col. Centro C.P. 63300, Santiago Ixcuintla, Nayarit","20.6953331","-99.8187293","01 323 2 35 05 95"
"nayarit","Registro Civil de Tecuala","México y Escobedo s/n, Col. Centro C.P. 63440, Tecuala , Nayarit","22.3973066","-105.4471283","01 389 2 53 02 15"
"nayarit","Registro Civil de Tepic (oficina auxiliar para el Municipio de la Yesca)","Av. Juárez n° 478, Col. Centro C.P. 63000, Tepic, Nayarit","21.5024601","-104.8836831","01 311 2 10 75 76 y 2 10 77 01"
"nayarit","Registro Civil de Tuxpan","Hidalgo y Zaragoza, Col. Centro, C.P. 63000, Tuxpan, Nayarit.","21.9446539","-105.2984842","01 319 232 06 12"
"nayarit","Registro Civil de Xalisco","Hidalgo y Juárez s/n, Col. Centro, C.P. 63780, Xalisco, Nayarit","21.4438491","-104.8998632","01 311 2 11 20 20 , 2 11 01 21, 2 11 09 59 ext. 108"
