"nuevo leon","Oficialia 01 del registro civil de Guadalupe","Jiménez 104, entre Zaragoza y Barbadillo, Zona Centro, Guadalupe","25.6755384","-100.259645","01 (81) 83 55 17 55"
"nuevo leon","Oficialia 02 del registro civil guadalupe","Aleman 150, Depto 1, Col. Libertad, Guadalupe","25.6897556","-100.2541787","01 (81) 83 77 84 68"
"nuevo leon","Oficialia 03 del registro civil de Guadalupe","Cavazos 1065, Col. Puesta del Sol, Guadalupe","25.6623199","-100.2588733","01 (81) 83 17 24 86"
"nuevo leon","Oficialia 04 del registro civil de Guadalupe","Zaragoza 221, Col. Centro, Guadalupe","25.6766437","-100.256693","01 (81) 83 54 04 90"
"nuevo leon","Oficialia 05 del registro civil de Guadalupe","Avenida Plutarco E. Calles 340 D3, Col. La Fuente, Guadalupe","25.6815684","-100.2382099","01 (81) 83 67 96 42"
"nuevo leon","Oficialia 06 del registro civil de Guadalupe","Av. Serrafín P. Cruz con Av. Nuevo León, Col. Insurgentes, Guadalupe","25.6711223","-100.217179","01 (81) 83 60 80 39"
"nuevo leon","Oficialia 07 del registro civil de Guadalupe","Guadalajara 210, Local 3, Col. J. Zozaya, primer Sector, Guadalupe","25.6775595","-100.2596935","01 (81) 83 41 08 32"
"nuevo leon","Oficialia 01 del registro civil de Apodaca","Escobedo 604, entre Aldama y Careterra 600, Apodaca","25.7767472","-100.1873531","01 (81) 83 86 26 34"
"nuevo leon","Oficialia 02 del registro civil de Apodaca","5 de mayo 103, local 4, entre Matamoros e Hidalgo, Apodaca","25.7615669","-100.2394469","01 (81) 83 86 17 28"
"nuevo leon","Oficialia 03 del registro civil apodaca","Estelaris 422, Entre San Jorge y San José, Apodaca","25.7968887","-100.2512171","01 (81) 20 20 92 09"
"nuevo leon","Oficialia 01 del registro civil San nicolás","Jorge González Camarena (S/N), Col. Roble, San Nicolás de los Garza","25.7621274","-100.2766601","01 (81) 83-53-41-77"
"nuevo leon","Oficialia 02 del registro civil San nicolás","Av. Nogalar 143, Col. Cuauhtemoc, San Nicolás de los Garza","25.726079","-100.2978238","01 (81) 83-52-55-39"
"nuevo leon","Oficialia 03 del registro civil San nicolás","Montemayor 149, Fracción Nuevo Mundo, San Nicolás de los Garza","25.708016","-100.2463434","01 (81) 83-34-69-75"
"nuevo leon","Oficialia 04 del registro civil san nicolas","San Nicolás 1203, Fracción Las puentes, segundo sector, San Nicolás de los Garza","25.7493469","-100.2868973","01 (81) 83-30-21-84"
"nuevo leon","Oficialia 01 del registro civil de General Escobedo","Juárez 110, Pte. Col. Centro, General Escobedo","25.7541283","-100.2922657","01 (81) 83-84-05-39"
"nuevo leon","Oficialia 02 del registro civil escobedo","Lozano 515, Col. Residencial California, General Escobedo","25.7701387","-100.3161345","01 (81) 83-07-10-90"
"nuevo leon","Oficialia 03 del registro civil Escobedo","Blvd. Benito Juárez 106, Local 9, Col. Elizondo, General Escobedo","25.8018693","-100.3156104","01 (81) 20-20-63-29"
"nuevo leon","Oficialia 01 del registro civil Santa Catarina","Constitución 112, Local 2 y 3, Zona Centro, Santa Catarina","25.7543183","-100.0744302","01 (81) 83-88-86-51"
"nuevo leon","Oficialia 02 del registro civil santa catarina","Hidalgo 514, Col. La Fama, Santa Catarina","25.668913","-100.4257061","01 (81) 83-36-89-93"
"nuevo leon","Oficialia 03 del registro civil Santa Catarina","Av. Colosio 510, Col. Hacienda San José, Santa Catarina","25.6878254","-100.4496629","01 (81) 88-01-13-05"
"nuevo leon","Oficialia 01 del registro civil de Benito Juárez","Ayala 307, Pte. Zona Centro, Benito Juárez","25.6455929","-100.0877262","01 (81) 82-33-25-64"
"nuevo leon","Oficialia 02 del registro civil benito juarez","San Ancelmo 601, Col. Santa Mónica, segundo sector, Benito Juárez","25.6473257","-100.0945282","01 (81) 82-82-86-53"
"nuevo leon","Oficialia registro civil de García","Ayala 128-A, entre Treviño e Hidalgo, García","25.8113734","-100.5950104","01 (81) 82-83-09-85"
"nuevo leon","Oficialia del registro civil de San Pedro","Vasconcelos 1561-B, Col. Mira Sierra, San Pedro Garza García","25.6563546","-100.3886394","83-38-98-67"
