"puebla","Juzgado 4 del registro civil puebla","Oriente No. 1007, Centro Histórico, Ciudad de Puebla, Puebla","19.0303192","-98.1903344","222 235.2745"
"puebla","Juzgado 3 del registro civil del estado de puebla","Avenida Reforma No. 710, Centro Histórico, Ciudad de Puebla, Puebla.","19.0470351","-98.20370229999999","222 237.5727"
"puebla","Juzgado 2 del registro civil de Puebla","Oriente No. 2003, Centro Histórico, Ciudad de Puebla, Puebla.","19.0303192","-98.1903344","(222) 235.1165"
"puebla","Registro civil de Zapotitlán Salinas","Allende No. 6, Centro, Zapotitlán, Tehuacán","18.4362433","-97.4117132","(237) 383.6882"
"puebla","Registro civil de Magdalena Cuayucatepec","Avenida Independencia No. 36","19.0896048","-98.2356247","(238) 371 0076"
"puebla","Registro civil de Altepexi","5 de Febrero S/N, Centro, Altepexi, Tehuacan, Puebla","18.3635597","-97.2995086","(236) 381.1162"
"puebla","Registro civil de Cañada de Morelos","Parque Hidalgo S/N, Centro, Cañada de Morelos, Tehuacan, Puebla","18.4480103","-97.4167822","(249) 487.6016"
"puebla","Registro civil de Mazatianquixco","Avenida Principal S/N, Mazatianquixco, Tehuacan, Puebla","18.4483281","-97.410423","(236) 488.7600"
"puebla","Registro civil de Huejotzingo","Plaza Principal S/N, Huejotzingo, San Martín Texmelucan, Puebla","19.2445492","-98.4046214","(227) 276 2112"
"puebla","Registro civil de Domingo Arenas","Camino Real de Atexcac No. 2, Domingo Arenas, San Martín Texmelucan, Puebla","19.1419047","-98.45815379999999","(227) 276 0399"
"puebla","Registro civil de Chiautzingo","Constitución No. 5, Centro, Chiautzingo, Puebla","19.258487","-98.45313499999999","(248) 482 6150"
"puebla","Registro civil de Trinidad Tepango","Reforma No. 1, Trinidad Tepango, Puebla","18.8618066","-98.44569949999999","(244) 445.7744"
"puebla","Registro civil de Axocopan","Av.Reforma No. 1, Axocopan, Puebla","18.9093614","-98.46736709999999","(244) 103.4070"
"puebla","Registro civil de Atlixco","Blvd. Niños Héroes No. 805 Plaza Atlixco Local 43, Atlixco, Puebla","19.0880554","-98.1400127","(244) 443 8237"
"puebla","Registro civil 5 de San Pedro Cholula","Revolución No. 4, San Matías Cocoyotla, San Pedro Cholula, Puebla","19.0765939","-98.3091745","(222) 247 0687"
"puebla","Registro civil 6 de San Pedro Cholula","Iglesias No. 1, San Diego Cuachayotla, San Pedro Cholula, Puebla","19.0854718","-98.3253586","(222) 247 6554"
"puebla","Registro civil 14 de San Pedro Cholula","Cruz de Piedra S/N, San Sebastián Tepalcatepec, San Pedro Cholula, Puebla","19.0933293","-98.3289557","(222) 221 5169"
"puebla","Registro civil de Atempan","Palacio Municipal S/N, Centro, Atempan, Puebla","19.0412967","-98.20619959999999","(231) 311.0278"
"puebla","Registro civil de Chignautla","Palacio Municipal S/N, Centro, Chignautla, Puebla","19.8131376","-97.3908283","(231) 313.1659"
