"queretaro","Oficialia 01 del registro civil de Querétaro","Madero 81, zona centro","20.5890899","-100.4035758","214-16-44 y 212-55-00 (Ext. 4036 y 4035)"
"queretaro","Oficialia 02 del registro civil Querétaro","Calzada de Guadalupe Victoria 102","20.6062078","-100.429019","210 10 84"
"queretaro","Oficialia 03 del registro civil en Querétaro","Avenida del Río N° 1, Hércules","20.6018415","-100.3530685","223 52 24"
"queretaro","Oficialia 04 del registro civil de Querétaro","A. Pozo N° 1, Zona Centro","20.6015655","-100.3904239","291 00 19, 291-10-87 Y 291-10-82"
"queretaro","Oficialia 05 del registro civil de Querétaro","Sector Lomas de Casa Blanca, Calle 21 N° 1000","20.5662525","-100.3899183","222 15 10 Y 222 09 48"
"queretaro","Oficialia 06 del registro civil de Querétaro","Calzada de Guadalupe Victoria 102","20.6062078","-100.429019","218 62 76, 218 62 16 y 218 62 89"
"queretaro","Oficialia 07 del registro civil de Querétaro","Sector Reforma Agraria (CCQ)","20.5887932","-100.3898881","238 77 00 (Ext. 6119)"
"queretaro","Oficialia 08 del registro civil de Querétaro","Avenida Tlaloc N° 101, Desarrollo San Pablo","20.6276524","-100.4088617","217 39 08 y 210 11 44"
"queretaro","Oficialia 09 del registro civil de Querétaro","I.S.S.S.T.E.,  Av. Tecnológico (sólo nacimiento y defunciones)","20.5887932","-100.3898881","256 01 00 (Ext. 50359)"
"queretaro","Oficialia 10 del registro civil de Querétaro","I.M.S.S., 5 de febrero y Zaragoza (sólo nacimiento y defunciones)","20.5887932","-100.3898881","211 23 00"
"queretaro","Oficialia 11 del registro civil de Querétaro","Vega y Monroy 1000 (sólo nacimiento y defunciones)","20.5887932","-100.3898881","291 92 00 (Ext. 2035)"
"queretaro","Oficialia 12 del registro civil de Querétaro","Hospital San José, Constituyentes 302, El Jacal (sólo nacimiento y defunciones)","9.9252418","-84.0880839","211 00 80 (Ext. 2351)"
"queretaro","Oficialia del registro civil san juan del rio","27 de Septiembre 31, Interior A Col. Centro.","20.3881696","-100.0003675","(427) 272 3701, 1295116 y 220 1602"
"queretaro","Oficialia del registro civil corregidora","Camino al Cerrito (S/N)","20.5496198","-100.4425574","(442) 209 6000 (Ext. 6050 y 6051)"
"queretaro","Oficialia del registro civil de Corregidora","F. Madero, Manzana 33 Lote 20, Esq. P. Lazcurain, Santa Bárbara","20.5271962","-100.4423586","(442) 2251181 y 220 0603"
"queretaro","Oficialia del registro civil de Corregidora","Domicilio Conocido s/n, Joaquín Herrera","20.480377","-100.44137","(442) 102 4178"
"queretaro","Oficialia del registro civil de Corregidora","Domicilio Conocido (S/N), Los Olivera","20.5887932","-100.3898881","(442) 135 0570"
"queretaro","Oficialia del registro civil de El Marques","Venustiano Carranza 2, La Cañada","20.6065081","-100.3311524","(442) 238 8400"
"queretaro","Oficialia del registro civil de El Marques","Delegación Municipal, Chichimequillas","20.5896916","-100.3902604","(442) 246 6240"
"queretaro","Oficialia del registro civil de El Marques","Delegación Municipal, Lázaro Cárdenas","16.6075163","-93.79653619999999","(442) 221 5613"
"queretaro","Oficialia del registro civil de El Marques","La Griega, El Marques Qro.","20.6674448","-100.238984","(442) 198 9105"
"queretaro","Oficialia del registro civil de Cadereyta de Montes","Juárez 10, Zona Centro","20.5938158","-100.3927671","(441) 276 0180"
"queretaro","Oficialia del registro civil de Pedro Escobedo","Reforma N°1","20.5913842","-100.3876555","(448) 275 0006"
"queretaro","Oficialia del registro civil de Tequisquiapan","Palmas 5, Col. Los Sabinos","20.3755716","-100.0086004","(414) 273-2327"
