"sonora","Oficialía 01 del registro civil hermosillo","Huasteca 18-a, col. modelo, Hermosillo, Sonora","32.078611","-114.9649999","215 57 84"
"sonora","Oficialía 02 del registro civil hermosillo","Aguascalientes 351-a, entre Loaiza y Olivares, Hermosillo, Sonora","29.0932341","-110.9779094","216 88 01"
"sonora","Oficialía 03 del registro civil hermosillo","Perimetral Nte. 110, Esquina con solidaridad, edificio CUM, Hermosillo, Sonora","29.0729673","-110.9559192","216 92 60 y 216"
"sonora","Oficialía 01 del registro civil obregon","Edificio del gobierno del Estado, Sinaloa y Montero Morales, Cd. Obregón, Sonora","27.4486526","-109.9400098","414 00 89"
"sonora","Oficialía 01 del registro civil obregon","No reelección 107 Pte., Cd. Obregón, Sonora","27.4918659","-109.9391981","414 77 22"
"sonora","Oficialía del registro civil cananea","Avenida obregón y calle cuarta este 5, Cananea, Sonora","30.9848123","-110.3024285","332 59 32"
"sonora","Oficialía del registro civil Villa de Seris","Rosales 9 entre blvd. Vildósola y Jesús García, col. villa de seris, Hermosillo, Sonora","29.0729673","-110.9559192","250 47 05"
"sonora","Oficialía del registro civil Agua Prieta","Calle 7, Ave. 8, local 2, Agua Prieta, Sonora","31.3323096","-109.5410188","338 13 89"
"sonora","Oficialía del registro civil Alamos","Palacio municipal, ave. Juárez (s/n), Alamos, Sonora","27.0254869","-108.941309","428 10 32"
"sonora","Oficialía del registro civil Bacobampo","Calle chihuahua s/n, Depto. 2, Bacobampo, Sonora","26.9827509","-109.6516234","427 09 85"
"sonora","Oficialía del registro civil Villa Juárez","Palacio municipal, Plutarco elías calles (sin número), Benito juárez, Sonora","27.1293271","-109.8373798","435 08 47"
"sonora","Oficialía del registro civil Caborca","Edificio del estado, calle 6ta. entre Q y R, col. centro, Caborca, Sonora","30.7144574","-112.1616173","372 69 05"
"sonora","Oficialía del registro civil Cócorit","Argentina y Yáñez (sin número), Cócorit, Sonora","27.5766662","-109.9597539","418 07 53"
"sonora","Oficialía del registro civil Cumpas","ave. a no. 720, Cumpas, Sonor","","","346-01-10"
"sonora","Oficialía del registro civil Empalme","Nicolás Bravo y Héroe de Nacozari, Empalme, Sonora","27.9599092","-110.8196088","223-12-66"
"sonora","Oficialía del registro civil etchojoa","Ave. Miguel Hidalgo entre Blvd. Rafaela Rodríguez y 16 de septiembre, etchojoa, sonora","26.9111024","-109.6266144","425 06 65"
"sonora","Oficialía del Registro Civil Guaymas","Edificio del Estado, calle 19 y Avenida 17, int. 1 planta baja, Guaymas, Sonora","27.9235002","-110.9225172","222 25 40"
"sonora","Oficialía del registro civil huatabampo","Edificio del gobierno del Estado, No reelección (sin número), entre Constitución y 16 de septiembre, Huatabampo, Sonora","26.8271492","-109.6418609","426 04 31"
"sonora","Oficialía del registro civil Magdalena de Kino","Avenida 5 de mayo 100, col. centro, Magdalena de Kino, Sonora","30.6320426","-110.9685118","322 09 70"
"sonora","Oficialía del registro civil Nacozari de Garcia","Palacio Municipal, Plaza Jesús García 2, Nacozari de García, Sonora","30.3747086","-109.6870745","342-0088"
"sonora","Oficial del registro civil navojoa","Verbena 113, Brisas del Valle, Navajoa","27.0465351","-109.4665111","422 4635"
"sonora","Oficialía del registro civil nogales sonora","Edificio del Estado, Campillo e Ingenieros, Nogales, Sonora","31.3276466","-110.9469877","312 35 05"
"sonora","Oficialía del registro civil Poblado Miguel Alemán","Carretera a Bahía de kino, kilómetro 62 y 12 de octubre, Poblado miguel Alemán, Sonora","28.8396369","-111.4906311","241 12 90"
"sonora","Oficialía del registro civil puerto peñasco","Palacio Municipal, blvd. Benito Juárez (sin número), Puerto Peñasco, Sonora","31.3268218","-113.5311843","383 17 10"
"sonora","Oficialía del registro civil Sahuaripa","Hidalgo y avenida Meneses, Sahuaripa, Sonora","29.0562341","-109.2332894","343 05 66"
"sonora","Oficialía del registro civil San Ignacio Cohuirimpo","Francisco Madero entre Benito Juárez y zaragoza, San Ignacio Cohuirimpo, Sonora","32.078611","-114.9649999","423-04-26"
"sonora","Oficialía del registro civil San Luis Rio Colorado","Edificio del Estado, Hidalgo, entre cuarta y quinta, San Luis Río Colorado, Sonora","32.078611","-114.9649999","534 16 81"
"sonora","Oficialía del registro civil San Pedro Río Mayo","Domicilio conocido, San Pedro Río Mayo, Sonora","26.9072334","-109.6900746","427 09 84"
"sonora","Oficialía del registro civil Santa Ana","Palacio municipal, Avenida Serna y calle Zaragoza, Santa Ana, Sonora","30.5398333","-111.1196215","324 02 69"
"sonora","Oficialía del registro civil Ures","Palacio Municipal, Zaragoza número 1, Ures, Sonora","31.2995966","-110.9484165","232 02 48"
