"veracruz","Registro Civil de Acatlán","5 de mayo s/n, Col. Centro, C.P. 91420, Acatlán, Veracruz","19.173773","-96.1342241","01 279 82 232 53"
"veracruz","Registro Civil de Acayucan","Nicolas Bravo s/n, Palacio Municipal, Col. Centro, C.P. 96000, Acayucan, Veracruz","17.9486651","-94.9133506","01 924 245 18 14"
"veracruz","Registro Civil de Acula","5 de Febrero esq. Independencia s/n, Col. Centro, C.P. 95440, Acula, Veracruz","19.173773","-96.1342241","01 288 886 31 20"
"veracruz","Registro Civil de Acultzingo","Zaragoza s/n, Col. Centro, C.P. 94760, Acultzingo, Veracruz","18.7185609","-97.3023642","01 272 74 220 03"
"veracruz","Registro Civil de Alpatlahuac","Av. Iturbide s/n, Col. Centro, C.P. 94130, Alpatlahuac, Veracruz","19.173773","-96.1342241","01 273 73 251 23"
"veracruz","Registro Civil de Agua Dulce","Francisco I. Madero s/n, Col. Centro, C.P. 96660, Agua Dulce, Veracruz","18.1378912","-94.1476603","01 233 14 47; ext. 109"
"veracruz","Registro Civil de Filomeno Mata","Santos Degollado s/n, Zona Centro, C.P. 93100, Filomeno Mata, Veracruz","20.20228","-97.70504179999999","01 784 887 11 07"
"veracruz","Registro Civil de Fortin","Calle 1 y 3 Av. 3 s/n, Col. Centro, C.P. 94471, Fortin, Veracruz","18.8992974","-96.9992894","01 271 713 04 78"
"veracruz","Registro Civil de Gutiérrez Zamora","Hernández y Hernández N° 1, Col. Centro, C.P. 93556, Gutiérrez Zamora, Veracruz","20.4500096","-97.0842102","01766 845 00 18"
"veracruz","Registro Civil de Huatusco","Palacio Municipal s/n, Col. Centro, C.P. 94100, Huatusco, Veracruz","19.173773","-96.1342241","01 273 734 0031"
"veracruz","Registro Civil de Hueyapan de Ocampo","Melchor Ocampo s/n, Col. Centro, C.P. 95865, Hueyapan de Ocampo, Veracruz","19.173773","-96.1342241","01 294 945 03 63"
"veracruz","Registro Civil de Huiloapan","Hidalgo N° 3, Col. Centro, C.P. 94180, Huiloapan, Veracruz","19.173773","-96.1342241","01 272 727 05 15"
"veracruz","Registro Civil de Ignacio de la Llave","Uscanga N° 668, Col. Centro, C.P. 95240, Ignacio de la Llave, Veracruz","18.7253172","-95.9864296","01 285 976 00 17"
"veracruz","Registro Civil de Ilamatlán","Plaza de la Constitución s/n, Col. Centro, C.P. 92620, Ilamatlán, Veracruz","19.173773","-96.1342241","01 200 123 27 06"
"veracruz","Registro Civil de Isla","Bravo esq. Allende s/n, Col. Centro, C.P. 95671, Isla, Veracruz","19.173773","-96.1342241","01 283 874 03 86"
"veracruz","Registro Civil de Ixcatepec","Guadalupe Victoria s/n, Col. Centro, C.P. 92270, Ixcatepec, Veracruz","21.7372402","-105.2329658","01 985 856 80 84"
"veracruz","Registro Civil de Ixhuatlán del Café","Portal Pedro de Gante No.1, Palacio Municipal, Col. Centro, C.P. 94180, Ixhuatlán del Café, Veracruz","19.173773","-96.1342241","01 273 737 20 33"
"veracruz","Registro Civil de Ixhuatlán de Madero","Domicilio Conocido Palacio Municipal s/n, Col. Centro C.P. 92680, Ixhuatlán de Madero, Veracruz","19.2127634","-96.1932166","01 746 843 80 73"
"veracruz","Registro Civil de Ixhuatlancillo","Independencia No. 85, Col. Centro, C.P. 94430, Ixhuatlancillo, Veracruz","19.173773","-96.1342241","012727213570"
"veracruz","Registro Civil de Ixtaczoquitlán","Poniente 4 s/n, Col. Centro, C.P. 94450, Ixtaczoquitlán, Veracruz","18.8811735","-97.0692916","01 272 721 05 05"
"veracruz","Registro Civil de Jalcomulco","Enriquez # 1, Col. Centro, C.P. 94000, Jalcomulco, Veracruz","19.3318853","-96.762322","12798323585"
"veracruz","Registro Civil de Jamapa","Tenoya s/n, Col. Centro, C.P. 94260, Jamapa, Veracruz","19.0413259","-96.2412317","01 285 955 01 96"
"veracruz","Registro Civil de Jesús Carranza","Palacio Municipal s/n, Col. Centro, C.P. 96950, Jesús Carranza, Veracruz","17.4373728","-95.0318022","01 924 244 07 65"
"veracruz","Registro Civil de Jilotepec","Calle 16 de septiembre s/n, Col. Centro, C.P. 96950, Jilotepec, Veracruz","19.6110902","-96.9512634","01 228 811 25 28"
"veracruz","Registro Civil de José Azueta","Álvaro Obregón s/n, Col. Centro, C.P. 95580, José Azueta, Veracruz","18.0746328","-95.7033221","01 283 873 0009"
"veracruz","Registro Civil de Juan Rodríguez Clara","Mauricio Cortez 101, Col. Centro, C.P. 93601, Juan Rodríguez Clara, Veracruz","17.9936978","-95.40180869999999","01 283 877 00 20"
"veracruz","Registro Civilde Juchique de Ferrer","Reforma s/n Palacio Municipal , Col. Centro, C.P. 91440, Juchique de Ferrer, Veracruz","19.9542662","-97.2246268","01 279 831 01 05"
"veracruz","Registro Civil de La Antigua","José Cardel N° 1, Col. Centro, C.P. 91680, La Antigua, Veracruz","19.3710338","-96.377341","01 296 96 200 22"
"veracruz","Registro Civil de Las Choapas","Parque Juárez s/n, Col. Centro, C.P. 96980, Las Choapas, Veracruz","17.9089086","-94.0897487","01 923 237 00 08"
"veracruz","Registro Civil de Las Minas","Plaza Hidalgo N° 1, Col. Centro, C.P. 93740, Las Minas, Veracruz","19.6847496","-99.1292866","01 200 125 17 40"
"veracruz","Registro Civil de Las Vigas de Ramírez","Av. Hidalgo N° 104, Col. Centro, C.P. 91330, Las Vigas de Ramírez, Veracruz","19.6368928","-97.10069569999999","01 282 831 4221"
"veracruz","Registro Civil de Los Reyes","Domicilio Conocido s/n, Col. Centro, C.P. 95060, Los Reyes, Veracruz","19.1862613","-96.1654587","01 271 717 76 19"
"veracruz","Registro Civil de Magdalena","Domicilio Conocido s/n, Col. Centro, C.P. 94877, Magdalena, Veracruz","19.173773","-96.1342241","01 200 125 11 69"
"veracruz","Registro Civil de Maltrata","Nicolas Bravo s/n, Col. Centro, C.P. 94700, Maltrata, Veracruz","18.8092147","-97.2777471","01 272 742 00 46"
"veracruz","Registro Civil de Manlio Fabio Altamirano","Libertad s/n, Col. Centro, C.P. 94250, Manlio Fabio Altamirano, Veracruz","19.0940512","-96.33257909999999","01 285 971 71 24"
"veracruz","Registro Civil de Mariano Escobedo","Av. Orizaba s/n, Col. Centro, C.P. 94420, Mariano Escobedo, Veracruz","18.8820664","-97.1083045","044 272 105 21 05"
"veracruz","Registro Civil de Martínez de la Torre","Av. Pedro Belli N° 108, Col. Centro, C.P. 93600, Martínez de la Torre, Veracruz","20.0623563","-97.0666506","01 232 324 00 23"
"veracruz","Registro Civil de Mecatlán","Palacio Municipal s/n, Col. Centro, C.P. 93080, Mecatlán, Veracruz","19.173773","-96.1342241","01 784 100 50 01"
"veracruz","Registro Civil de Mecayapán","Ávila Camacho s/n, Col. Centro, C.P. 95930, Mecayapán, Veracruz","19.173773","-96.1342241","01 924 219 30 60"
"veracruz","Registro Civil de Medellín de Bravo","Nicolás Bravo N° 60, Col. Centro, C.P. 94270, Medellín de Bravo, Veracruz","19.588209","-102.4725987","01 285 971 5027"
"veracruz","Registro Civil de Minatitlán","Benito Juárez 46-Bis, Col. Centro, C.P. 96700, Minatitlán, Veracruz","17.9803948","-94.5340805","01 922 223 55 58"
"veracruz","Registro Civil de Misantla","Palacio Municipal s/n, Col. Centro, C.P. 93821, Misantla, Veracruz","19.9286919","-96.85266709999999","01 235 323 03 61"
"veracruz","Registro Civil de Mixtla de Altamirano","Palacio Municipal s/n, Col. Centro, C.P. 95040, Mixtla de Altamirano, Veracruz","19.2130863","-96.19429269999999","01 271 714 29 87"
"veracruz","Registro Civil de Moloacán","Santiago s/n, Col. Centro, C.P. 96372, Moloacán, Veracruz","19.173773","-96.1342241","19232326101"
"veracruz","Registro Civil de Nanchital","Calle 18 de marzo s/n, Col. Centro, C.P. 93770, Nanchital, Veracruz","18.0723358","-94.4114201","01 921 216 0250"
"veracruz","Registro Civil de Naranjal","Calle Principal s/n, Col. Centro, C.P. 94880, Naranjal, Veracruz","18.8120237","-96.96366540000001","01 271 751 42 25"
"veracruz","Registro Civil de Nautla","Andicochea N° 1, Col, Centro, C.P. 93800, Nautla, Veracruz","20.2066604","-96.7729224","01 235 328 00 42"
"veracruz","Registro Civil de Nogales","Av. Juárez s/n, Col. Centro, C.P. 94720, Nogales, Veracruz","18.8284023","-97.16027729999999","01 272 727 09 60"
"veracruz","Registro Civil de Omealca","Av. Hidalgo N° 1, Col. Centro, C.P. 94420, Omealca, Veracruz","20.0304519","-98.8419206","01 278 733 00 91"
"veracruz","Registro Civil de Orizaba","Colon Pte. # 320, Col. Centro,, C.P. 94301, Orizaba, Veracruz","18.8504744","-97.1036396","01 272 122 02 37"
"veracruz","Registro Civil de Otatitlán","Plaza Hidalgo s/n, Col. Centro, C.P. 95500, Otatitlán, Veracruz","19.173773","-96.1342241","01 287 876 00 29"
"veracruz","Registro Civil de Pajapan","Paseo de la Reforma Esq. Nicolás Bravo s/n, Col. Centro, C.P. 95960, Pajapan, Veracruz","19.173773","-96.1342241","045 924 100 57 49"
"veracruz","Registro Civil de Papantla","Reforma # 100, Col. Centro, C.P. 93401, Papantla, Veracruz","20.4449047","-97.3256947","01 784 842 00 72"
"veracruz","Registro Civil de Paso del Macho","Hidalgo s/n, Col. Centro, C.P. 94970, Paso del Macho, Veracruz","18.9734351","-96.72478269999999","01 273 738 00 40"
"veracruz","Registro Civil de Perote","Morelos N° 506, Col. Centro, C.P. 91272, Perote, Veracruz","19.5572354","-97.2464071","01 282 825 61 62"
"veracruz","Registro Civil de Perote","Francisco I. Madero n° 19, Col. Centro, C.P. 91272, Perote, Veracruz","23.2943577","-102.3525638","01 282 825 01 13"
"veracruz","Registro Civil de Platón Sánchez","Morelos y Llave s/n, Col. Centro, C.P. 92132, Platón Sánchez, Veracruz","21.2755871","-98.3773116","01 789 895 00 07"
"veracruz","Registro Civil de Poza Rica de Hidalgo","Josefa Ortiz de Domínguez s/n, Col. Obras Sociales, C.P. 93261, Poza Rica, Veracruz","20.5270592","-97.4629119","01 782 82 680 25"
"veracruz","Registro Civil de Pueblo Viejo","Abasolo s/n, Zona Centro, C.P. 92030, Pueblo Viejo, Veracruz","22.189229","-97.8342473","01 833 278 02 59"
"veracruz","Registro Civil de Puente Nacional","Calle Principal N° 15, Colonia Centro, C.P. 91658, Puente Nacional, Veracruz","18.7965928","-97.3045353","01 296 966 0168"
"veracruz","Registro Civil de Rafael Delgado","Av. Benito Juárez N° 243, Primer Barrio, Col. Centro, C.P. 94410, Rafael Delgado, Veracruz","18.8107651","-97.0731606","01 272 724 68 08"
"veracruz","Registro Civil de Rafael Lucio","Plaza de la Constitución s/n, Col. Centro, C.P. 91315, Rafael Lucio, Veracruz","19.592088","-96.99071389999999","01 228 851 6725"
"veracruz","Registro Civil de Río Blanco","Av. Veracruz # 5, Col. Centro, C.P. 94730, Río Blanco, Veracruz","18.8360631","-97.14869329999999","01 272 727 00 14"
"veracruz","Registro Civil de Saltabarranca","Independencia s/n, Col. Centro, C.P. 95480, Saltabarranca, Veracruz","19.173773","-96.1342241","01 284 944 11 61"
"veracruz","Registro Civil de San Andrés Tenejapan","Domicilio Conocido s/n, Col. Centro, C.P. 94850, San Andrés Tenejapan, Veracruz","19.173773","-96.1342241","01 272 724 20 19"
"veracruz","Registro Civil de San Andrés Tuxtla","Calle Madero No. 1, Col. Centro, C.P. 95700, San Andrés Tuxtla, Veracruz","18.4477459","-95.21273889999999","01 294 947 93 00"
"veracruz","Registro Civil de San Juan Evangelista","Enrique C. Rebsamen N° 1, Col. Centro, C.P. 96120, San Juan Evangelista, Veracruz","19.5226615","-96.9165769","01 924 241 00 69"
"veracruz","Registro Civil de San Rafael","Carretera Federal N° 607, Col. Centro, C.P. 93620, San Rafael, Veracruz","18.9286079","-99.240434","01 232 325 19 61"
"veracruz","Registro Civil de Santiago Sochiapan","Choapan N° 96, Col. Centro, C.P. 95601, Santiago Sochiapan, Veracruz","19.173773","-96.1342241","01 283 872 61 87"
"veracruz","Registro Civil de Sayula de Alemán","Juárez esq. Morelos s/n, Col. Centro, C.P. 96153, Sayula de Alemán, Veracruz","17.8814242","-94.9584672","01 924 247 03 01"
"veracruz","Registro Civil de Soconusco","Hidalgo N° 28, Col. Centro, C.P. 96170, Soconusco, Veracruz","17.9629899","-94.8807526","01 924 245 27 98"
"veracruz","Registro Civil de Sochiapa","Benito Juárez s/n, Col. Centro, C.P. 94060, Sochiapa, Veracruz","19.173773","-96.1342241","01 273 734 2588"
"veracruz","Registro Civil de Soledad Atzompa","Palacio Municipal s/n, Col. Centro, C.P. 94770, Soledad Atzompa, Veracruz","19.173773","-96.1342241","01 278 745 6045"
"veracruz","Registro Civil de Soteapan","Miguel Hidalgo s/n, Col. Centro, C.P. 95900, Soteapan, Veracruz","18.2296099","-94.87189289999999","01 924 219 20 96"
"veracruz","Registro Civil de Tamalín","Cinco de mayo N° 52, Zona Centro, C.P. 92470, Tamalín, Veracruz","21.3393085","-97.8123291","017688510111"
"veracruz","Registro Civil de Tamiahua","Hidalgo N° 18, Zona Centro, C.P. 92560, Tamiahua, Veracruz","21.2807556","-97.4469233","01 768 857 00 05"
"veracruz","Registro Civil de Tampico Alto","Vicente Guerrero s/n, Zona Centro, C.P. 92040, Tampico Alto, Veracruz","19.173773","-96.1342241","01 833 278 37 40"
"veracruz","Registro Civil de Tancoco","Enrique C. Rebsamen s/n, Col. Centro, C.P. 92540, Tancoco, Veracruz","19.173773","-96.1342241","01 785 85 270 04"
"veracruz","Registro Civil de Tantima","Hidalgo N° 49, Col. Centro, C.P. 92430, Tantima, Veracruz","21.3353717","-97.8329071","01 768 851 00 38"
"veracruz","Registro Civil de Tantoyuca","Igualdad y 5 de Mayo s/n, Col. Centro. C.P. 92101, Tantoyuca, Veracruz","21.3525047","-98.2124123","01 789 893 03 10."
"veracruz","Registro Civil de Tatahuicapán","Emiliano Zapata s/n, Col. Centro, C.P. 95940, Tatahuicapán, Veracruz","19.173773","-96.1342241","01 924 261 00 03"
"veracruz","Registro Civil de Tatatila","Hidalgo s/n, Col. Centro, C.P. 93760, Tatatila, Veracruz","19.173773","-96.1342241","01 200 123 21 54"
"veracruz","Registro Civil de Tecolutla","Álvaro Obregón, Col. Centro, C.P. 93570, Tecolutla, Veracruz","20.4795519","-97.01012709999999","01 766 846 0242"
"veracruz","Registro Civil de Tehuipango","Palacio Municipal s/n, Col. Centro, C.P. 95030, Tehuipango, Veracruz","19.173773","-96.1342241","01 278 102 01 02"
"veracruz","Registro Civil de Temapache","Garizurieta s/n, Col. Centro, C.P. 92730, Temapache, Veracruz","19.173773","-96.1342241","01 765 844 92 07"
"veracruz","Registro Civil de Tempoal","5 de Febrero e Independencia s/n, Col. Centro, C.P. 92060, Tempoal, Veracruz","21.5234878","-98.38827230000001","01 789 894 00 40"
"veracruz","Registro Civil de Tenampa","Independencia N° 1, Col. Centro, C.P. 94030, Tenampa, Veracruz","19.2479979","-96.8849621","01 279 102 20 05"
"veracruz","Registro Civil de Tenochtitlan","Cinco de mayo s/n, Col. Centro, C.P. 93780, Tenochtitlan, Veracruz","19.8078194","-96.9159526","01 279 102 20 05"
"veracruz","Registro Civil de Teocelo","Covarrubias s/n, Col. Centro, C.P. 91615, Teocelo, Veracruz","19.385814","-96.9732016","01 228 821 0007"
"veracruz","Registro Civil de Tepatlaxco","Leona Vicario s/n, Col. Centro, C.P. 94190, Tepatlaxco, Veracruz","19.173773","-96.1342241","01 273 732 00 84"
"veracruz","Registro Civil de Tepetlán","Plaza de las Armas s/n, Col. Centro, C.P. 91430, Tepetlán, Veracruz","19.6734024","-96.7974339","01 279 822 80 68"
"veracruz","Registro Civil de Tepetzintla","Palacio Municipal s/n, Col. Centro, C.P. 92530, Tepetzintla, Veracruz","21.1634645","-97.8525305","01 784 887 11 07"
"veracruz","Registro Civil de Tequila","Palacio Municipal s/n, Col. Centro, C.P. 94840, Tequila, Veracruz","18.7295682","-97.07110709999999","01 278 733 2049"
"veracruz","Registro Civil de Texhuacán","Palacio Municipal s/n, Col. Centro, C.P. 95070, Texhuacán, Veracruz","19.173773","-96.1342241","01 278 43262"
"veracruz","Registro Civil de Texistepec","Plaza Zaragoza s/n, Col. Centro, C.P. 96180, Texistepec, Veracruz","17.8944326","-94.81736819999999","01 924 24 730 65"
"veracruz","Registro Civil de Tezonapa","Carretera al Palmar s/n, Col. Centro, C.P. 95096, Tezonapa, Veracruz","18.6021727","-96.6872035","01 278 736 03 37"
"veracruz","Registro Civil de Tierra Blanca","Independencia N° 606, Col. Centro, C.P. 95100, Tierra Blanca, Veracruz","18.4470051","-96.36040609999999","01 274 743 19 45"
"veracruz","Registro Civil de Tihuatlán","Palacio Municipal s/n, Col. Centro, C.P. 92901, Tihuatlán, Veracruz","20.7218454","-97.53950189999999","01 746 843 0145"
"veracruz","Registro Civil de Tlachichilco","Palacio Municipal s/n, Col. Centro, C.P. 92670, Tlachichilco, Veracruz","19.173773","-96.1342241","01 765 833 69 02"
"veracruz","Registro Civil de Tlacojalpan","Hidalgo s/n, Col. Centro, C.P. 95525, Tlacojalpan, Veracruz","18.2289654","-95.94200909999999","01 288 887 0 180"
"veracruz","Registro Civil de Tlacolulan","Palacio Municipal s/n, Col. Centro, C.P. 91350, Tlacolulan, Veracruz","19.173773","-96.1342241","012001232161"
"veracruz","Registro Civil de Tlacotalpan","Plaza Zaragoza s/n, Col. Centro, C.P. 95461, Tlacotalpan, Veracruz","18.61092","-95.655968","01288 884 3100"
"veracruz","Registro Civil de Tlacotepec","Av. Marco Antonio Muñoz N° 5, Col. Centro C.P. 94080, Tlacotepec, Veracruz","19.173773","-96.1342241","12737328121"
"veracruz","Registro Civil de Tlalixcoyan","Lorenzo Barcelata s/n, Col Centro, C.P. 95221, Tlalixcoyan, Veracruz","18.8029737","-96.06130089999999","01 285 967 06 31"
"veracruz","Registro Civil de Tlalnelhuayocan","Rafael Ramirez s/n, Col. Centro, C.P. 91230, Tlalnelhuayocan, Veracruz","19.5661251","-96.97343250000002","01 228 125 86 46"
"veracruz","Registro Civil de Tlaquilpa","Domicilio Conocido s/n, Col. Centro, C.P. 94800, Tlaquilpa, Veracruz","18.6121398","-97.1190695","01 271 714 78 61"
"veracruz","Registro Civil de Tlilapan","Av. Francisco I. Madero N° 2, Col. Centro, C.P. 94860, Tlilapan, Veracruz","25.7903214","-108.9882154","01 272 724 49 98"
"veracruz","Registro Civil de Tomatlán","Av. 3 s/n, Col. Centro, C.P. 94170, Tomatlán, Veracruz","19.0293354","-97.00949709999999","01 273 732 25 0"
"veracruz","Registro Civil de Tonayan","Enríquez N° 1, Col. Centro, C.P. 91360, Tonayan, Veracruz","19.173773","-96.1342241","01 228 851 9822"
"veracruz","Registro Civil de Totutla","Revolución N° 83, Col. Centro, C.P. 94050, Totutla, Veracruz","19.173773","-96.1342241","01 273 734 25 33"
"veracruz","Registro Civil de Tres Valles","Miguel Hidalgo s/n, Col. Centro, C.P. 95300, Tres Valles, Veracruz","18.2387995","-96.13496500000001","01 288 107 60 25"
"veracruz","Registro Civil de Tuxpan","Av Juárez N° 20, Col. Centro, C.P. 92801, Tuxpan, Veracruz","19.8176879","-101.7929037","01 288 107 60 25"
"veracruz","Registro Civil de Tuxtilla","Av. Benito Juarez N° 1, Col. Centro, C.P. 95540, Tuxtilla, Veracruz","20.340604","-98.2271899","01 288 887 03 07"
"veracruz","Registro Civil de Uxpanapa","Centro Cívico s/n, Col. Centro, C.P. 96901, Uxpanapa, Veracruz","19.173773","-96.1342241","01 922 244 30 30"
"veracruz","Registro Civil de Vega de Alatorre","Calle 16 de Septiembre s/n, Col. Centro, C.P. 9396, Vega de Alatorre, Veracruz","19.173773","-96.1342241","01 235 327 00 20"
"veracruz","Registro Civil de Veracruz","Av Juárez s/n esq. Morelos, Col. Centro, C.P. 9396, Veracruz, Veracruz","19.1634294","-96.1469411","01 235 327 00 20"
"veracruz","Registro Civil de Xalapa","Av. Encanto esq. Lázaro Cárdenas s/n, Col. Centro, C.P. 95841, Xalapa, Veracruz","19.5437751","-96.91018059999999","12288142810"
"veracruz","Registro Civil de Xalapa","Av. 20 de Noviembre No. 580, Col. Álvaro Obregón C.P. 91270, Xalapa, Veracruz","19.5253563","-96.89996269999999","01 282 825 61 62"
"veracruz","Registro Civil de Xalapa","Av. Enríquez s/n, Col. Centro, C.P. 91270, Xalapa, Veracruz","19.5437751","-96.91018059999999","01 228 842 1282"
"veracruz","Registro Civil de Xalapa","Circunvalación esq. Encanto s/n, Col. El Mirador C.P. 91170, Xalapa, Veracruz","19.5425411","-96.90881700000001","01 228 842 1282"
"veracruz","Registro Civil de Xico","Av. Hidalgo s/n, Col. Centro, C.P. 91240, Xico, Veracruz","19.4206692","-97.0056766","01 228 842 1282"
"veracruz","Registro Civil de Xoxocotla","Palacio Municipal s/n, Col. Veracruz, C.P. 94820, Xoxocotla Veracruz","19.173773","-96.1342241","01 271 714 61 72"
"veracruz","Registro Civil de Yanga","Calles2 s/n, Av 1 y 2, Col. Centro, C.P. 94930, Yanga, Veracruz","18.8339586","-96.7988525","01 278 738 80 03"
"veracruz","Registro Civil de Yecuatla","Av. 5 de Mayo s/n, Col. Centro, C.P. 93901, Yecuatla, Veracruz","19.173773","-96.1342241","01 279 831 07 05"
"veracruz","Registro Civil de Zacualpan","Hidalgo s/n, Col. Centro, C.P. 92650, Zacualpan, Veracruz","19.173773","-96.1342241","01 922 264 06 14"
"veracruz","Registro Civil de Zaragoza","Hidalgo esq. Carranza s/n, Col. Centro, C.P. 96320, Zaragoza, Veracruz","17.9541959","-94.6424521","01 922 264 06 14"
"veracruz","Registro Civil de Zentla","Av. Reforma esq. Juan de la Luz Enríquez s/n, Col. Manuel González, C.P. 94220, Zentla, Veracruz","19.173773","-96.1342241","01 273 735 30 99"
"veracruz","Registro Civil de Zongolica","Miguel Hidalgo N° 20, Col. Centro, C.P. 95000, Zongolica, Veracruz","18.6681483","-96.99861639999999","01 278 732 6080"
"veracruz","Módulo:Registro Civil de Zontecomatlán","Hernández y Hernández s/n, Col. Centro, C.P. 92630, Zontecomatlán, Veracruz","19.173773","-96.1342241","01 555 151 49 53"
"veracruz","Municipio de Acayucan","Paseo Bravo esq. Guadalupe s/n, Col. Centro, C.P. 96000, Acayucan, Veracruz","17.9485758","-94.91416780000002","01924 24 50013 ext. 228"
"veracruz","Municipio de Agua Dulce","Francisco I. Madero No. 938, Col. Cuatro Caminos, C.P. 96660, Agua Dulce, Veracruz","18.138203","-94.14826219999999","01 923 233 14 47"
"veracruz","Municipio de Agua Dulce","Ogarrio esq. Naranjo N° 510, Col. Cuatro Caminos, C.P. 91645, Agua Dulce, Veracruz","18.1425936","-94.1436033","01 923 233 3852"
"veracruz","Municipio de Álamo Temapache","Garizurieta s/n Palacio Municipal, Col. Centro, C.P. 92730, Álamo Temapache, Veracruz","20.9000229","-97.68465669999999","01 765 844 90 90"
"veracruz","Municipio de Alvarado","Parque 15 de Octubre s/n, Col. Centro, C.P. 95270, Alvarado, Veracruz","18.7710584","-95.760266","01 297 973 08 28"
"veracruz","Municipio de Amatitlán","Juárez n° 21, Col. Centro, C.P. 95450, Amatitlán, Veracruz","19.173773","-96.1342241","01 288 876 22 05"
"veracruz","Municipio de Apazapan","16 de Septiembre s/n, Col. Centro, C.P. 91645, Apazapan, Veracruz","19.173773","-96.1342241","01 279 821 7073"
"veracruz","Municipio de Ángel R. Cabada","Primitivo R. Valencia s/n Altos, Col. Centro, C.P. 95841, Ángel R Cabada, Veracruz","19.173773","-96.1342241","01 284 94 600 42"
"veracruz","Ayuntamiento de Atlahuilco","Palacio Municipal, Domicilio Conocido, Col. Centro, C.P. 94830, Atlahuilco, Veracruz","19.173773","-96.1342241","01 278 74 50 727"
"veracruz","Municipio de Atoyac","Avenida Francisco I. Madero s/n, Col. Centro, C.P. 94960, Atoyac, Veracruz","19.173773","-96.1342241","01 273 735 05 10"
"veracruz","Municipio de Ayahualulco","Ayuntamiento N° 1, Col. Centro, C.P. 91260, Ayahualulco, Veracruz","19.173773","-96.1342241","01 282 832 7156"
"veracruz","Municipio de Benito Juárez","Av. Juárez s/n, Col. Centro, C.P. 92661, Benito Juárez, Veracruz","22.2016816","-97.8367954","01 746 100 20 01"
"veracruz","Municipio de Boca del Río","Revolución n° 1000, Col. Zona Centro, Boca del Río, Veracruz","19.1030802","-96.1060902","01 229 992 31 440"
"veracruz","Municipio de Calcahualco","Av. Principal s/n, Col. Centro, C.P. 94120, Calcahualco, Veracruz","19.173773","-96.1342241","01 273 723 80 69"
"veracruz","Municipio de Camarón de Tejeda","Av. Héroes s/n, Col. Centro, C.P. 94230, Camarón de Tejeda, Veracruz","18.0726646","-95.7122139","01 273 738 4143"
"veracruz","Municipio de Carlos A. Carrillo","Callejón de La Cañada n° 272, Col. Centro, C.P. 95400, Carlos A. Carrillo, Veracruz","18.369375","-95.7922231","01 288 882 81 09"
"veracruz","Municipio de Castillo de Teayo","Plaza de la Pirámide s/n, Col. Centro, C.P. 92940, Castillo de Teayo, Veracruz","19.173773","-96.1342241","01 746 88 200 15"
"veracruz","Municipio de Catemaco","Venustiano Carranza s/n, Col. Centro, C.P. 95870, Catemaco, Veracruz","18.4206279","-95.11219349999999","01 294 94300 16"
"veracruz","Municipio de Chacaltianguis","Porfirio Díaz No. 1, Col. Centro, C.P. 95561, Chacaltianguis, Veracruz","19.3175375","-98.238997","01 288 88 601 66"
"veracruz","Municipio de Chiconquiaco","Plaza de Armas No. 1, Col. Centro, C.P. 93880, Chiconquiaco, Veracruz","17.9491822","-94.9125065","01 279 832 50 67"
"veracruz","Municipio de Chicontepec","Av. Adolfo López Mateos s/n, Col. Centro, C.P. 94230, Chicontepec, Veracruz","20.9710009","-98.1730481","01 746 892 0170"
"veracruz","Ayuntamiento de Chinampa de Gorostiza","Encanto y Lázaro Cárdenas s/n, Col. Mirador, C.P. 92420,Chinampa de Gorostiza, Veracruz","21.3589322","-97.7347309","01 768 85 51 723"
"veracruz","Municipio de Chocamán","Calle Morelos s/n, Col. Centro, C.P. 94160, Chocamán, Veracruz","19.173773","-96.1342241","01 273 73 22 109, ext. 108"
"veracruz","Municipio de Coatepec","Matías Rebolledo No. 1, Col. Centro C.P. 91500, Coatepec, Veracruz","19.4558439","-96.9593751","01 22 88 33 43 37"
"veracruz","Municipio de Coatzacoalcos","Quevedo No. 209, Col. Centro, C.P. 96400, Coatzacoalcos, Veracruz","18.1524891","-94.41570150000001","01 921 211 08 00"
"veracruz","Municipio de Coatzintla","Av, Hidalgo esq. Juárez s/n, Sector Coatzintla, C.P. 93160, Coatzintla, Veracruz","20.4820893","-97.44641759999999","01782 82 51 917, ext. 124"
"veracruz","Municipio de Coscomatepec","Amez y Argûelles s/n, Col. Centro, C.P. 94141, Coscomatepec, Veracruz","19.173773","-96.1342241","01 273 73 704 80"
"veracruz","Municipio de Cosoleacaque","Av, Hidalgo s/n, Col. Centro, C.P. 96340, Cosoleacaque, Veracruz","18.0008394","-94.6075948","01 922 26 402 82, ext. 110"
"veracruz","Municipio de El Higo","Miguel Alemán s/n, Col. Centro, C.P. 92400, El Higo, Veracruz","21.7671224","-98.4538046","01 489 37 504 30"
"veracruz","Municipio de Filomeno Mata","Palacio Municipal, Domicilio Conocido s/n, Col. Centro, C.P. 93100, Filomeno Mata, Veracruz","19.173773","-96.1342241","01 784 88711 07"
"veracruz","Municipio de Hueyapan de Ocampo","Biblioteca Municipal, Domicilio Conocido, Col. Melchor Ocampo, C.P. 95865, Hueyapan de Ocampo, Veracruz","19.173773","-96.1342241","01 294 503 63"
"veracruz","Municipio de Huiloapan","Hidalgo N° 3, Col. Centro, C.P. 94780, Huiloapan, Veracruz","18.8180611","-97.15712529999999","01 272 727 05 15"
"veracruz","Municipio de Isla","Nicolás Bravo esq. Allende, Col. Centro, C.P. 95641, Isla, Veracruz","19.173773","-96.1342241","01 283 874 05 35"
"veracruz","Municipio de Ixhuatlán de Madero","Plaza Hidalgo s/n, Col. Centro, C.P. 92680, Ixhuatlán de Madero, Veracruz","19.2127634","-96.1932166","01 746 84 380 74"
"veracruz","Municipio de Ixhuatlán del Sureste","Miguel Hidalgo n° 101, Col. Centro, C.P. 96365, Ixhuatlán del Sureste, Veracruz","18.0213173","-94.38808309999999","01 921 248 00 82"
"veracruz","Municipio de Ixmatlahuacán","Juárez s/n esquina Porfirio Díaz, Col. Centro, C.P. 95430, Ixmatlahuacán, Veracruz","19.173773","-96.1342241","01 288 885 3049, ext. 106"
"veracruz","Municipio de Ixtaczoquitlán","Av. Antonio Ruíz Galindo 211, Col. Centro, C.P. 94450, Ixtaczoquitlán, Veracruz","18.8567381","-97.0618495",""
"veracruz","Municipio de Jalacingo","Úrsulo Galván s/n, Col. Centro, C.P. 93665, Jalacingo, Ver,","19.8063909","-97.30305919999999","01226 31 82452"
"veracruz","Municipio de Jaltipan","Av. Juárez Esq. Malinche s/n, Centro, C.P. 96200, Jaltipan, Veracruz","17.9641555","-94.71999269999999","01 922 264 22 62"
"veracruz","Municipio de Jesús Carranza","Av. Benito Juárez s/n, Centro, Jesús Carranza, Veracruz","17.3876364","-94.98592769999999","01 924 244 00 25"
"veracruz","Municipio de José Azueta","Emilio de La Fuente n° 29, Col. Centro, C.P. 95580, José Azueta, Veracruz","18.0756491","-95.70460279999999","01 283 873 00 09"
"veracruz","Municipio de La Antigua","José Cardel n° 1 Esq. Emiliano Zapata, Col. Zona Centro, C.P. 91680, La Antigua, Veracruz","19.3652878","-96.36781739999999","01 296 962 13 25"
"veracruz","Municipio de Las Choapas","Parque Juárez s/n, Col. Centro, C.P. 96981, Las Choapas, Veracruz","17.9156728","-94.0930369","01 923 237 00 08"
"veracruz","Municipio de Lerdo de Tejada","Hidalgo Esq. Melchor Ocampo s/n, Centro, Lerdo de Tejada, Veracruz","18.628532","-95.52378440000001","01 284 944 14 25"
"veracruz","Municipio de Mariano Escobedo","Av. Orizaba s/n, Col. Centro, C.P. 94420, Mariano Escobedo, Veracruz","18.8820664","-97.1083045","01 272 721 74 16"
"veracruz","Municipio de Mecatlán","Reforma s/n, Col. Centro, C.P. 93080, Mecatlán, Veracruz","19.173773","-96.1342241","01 784 100 5003"
"veracruz","Municipio de Mecatlán","Domicilio Conocido s/n, Zona Centro, C.P. 93080, Mecatlán, Veracruz","19.173773","-96.1342241","01 795 100 5003"
"veracruz","Municipio de Minatitlán","Hidalgo n° 107, Col. Centro, C.P. 96700, Minatitlán, Veracruz","17.9849094","-94.5447121","01 922 223 60 90"
"veracruz","Municipio de Misantla","Palacio Municipal s/n, Zona Centro, C.P. 93821, Misantla, Veracruz","19.9286919","-96.85266709999999","01 235 32 30361"
"veracruz","Municipio de Nanchital","Av. Juárez y 18 de Marzo, Col. Centro, C.P. 93770, Nanchital, Veracruz","18.07635","-94.4117789","01 921 216 02 50"
"veracruz","Municipio de Naranjos Amatlán","Ozuluama s/n, Col. Fraccionamiento Nuevo Naranjos, C.P. 92310, Amatlán, Veracruz","21.3590171","-97.6864232","01 768 855 39 98"
"veracruz","Municipio de Nogales","Av. Juárez s/n, Col. Centro, C.P. 94720, Nogales, Veracruz","18.8284023","-97.16027729999999","01 272 727 09 60"
"veracruz","Municipio de Omealca","Av. Hidalgo n° 1, Col. Centro, C.P. 94900, Omealca, Veracruz","20.0304519","-98.8419206","01 278 733 06 80"
"veracruz","Municipio de Oteapan","Morelos n° 820, Col. Centro, C.P. 96330, Oteapan, Veracruz","17.9978524","-94.6708709","01 922 261 05 44"
"veracruz","Ayuntamiento de Pánuco","Av. Juárez s/n, Zona Centro, C.P. 92000, Pánuco, Veracruz","22.0535642","-98.1820596","01 846 26 600 02"
"veracruz","Municipio de Papantla","Reforma n° 100, Col. Centro, C.P. 93400, Papantla, Veracruz","20.4566709","-97.3156131","01 784 84 201 77"
"veracruz","Municipio de Paso de Ovejas","Av. Cinco de mayo s/n, Col. Centro, C.P. 91670, Paso de Ovejas, Veracruz","19.2836936","-96.44096909999999","01 285 103 5816"
"veracruz","Municipio de Platón Sánchez","Palacio Municipal (Domicilio Conocido), Platón Sánchez, Veracruz","21.2755871","-98.3773116","01 789 895 02 55"
"veracruz","Municipio de Playa Vicente","Independencia n° 618, Col. Centro, C.P. 95601, Playa Vicente, Veracruz","17.8304345","-95.81316350000002","01 283 871 00 05"
"veracruz","Municipio de Puente Nacional","Palacio Municipal, Domicilio Conocido, Col. Centro, C.P. 91653, Puente Nacional, Veracruz","19.5616348","-96.90150609999999","01 296 96 601 68"
"veracruz","Municipio de San Andrés Tuxtla","Madero núm. 1, Col. Centro, C.P. 95700, San Andrés Tuxtla, Veracruz","18.4477459","-95.21273889999999","01 294 947 9300 ext. 406"
"veracruz","Municipio de Sayula de Alemán","Juárez s/n esq. Morelos, Col. Centro, C.P. 96150, Sayula de Alemán, Veracruz","17.8810411","-94.95995579999999","01 924 247 0302"
"veracruz","Municipio de Tamiahua","Calle Juárez s/n, Col. Centro, C.P. 92560, Tamiahua, Veracruz","21.2786097","-97.44692470000001","01 768 857 00 05"
"veracruz","Municipio de Tantoyuca","Palacio Municipal s/n, Col. Centro, C.P. 92101, Tantoyuca, Veracruz","21.3525047","-98.2124123","01 768 857 00 05"
"veracruz","Municipio de Tatahuicapan de Juárez","Centro Cívico s/n, Col. La Chinantla, C.P. 96901, Tatahuicapan de Juárez, Veracruz","18.2454426","-94.7610077","01 922 244 31 12"
"veracruz","Municipio de Tecolutla","Vicente Guerrero esq. Álvaro Obregón s/n, Col. Centro, C.P. 93570, Tecolutla, Veracruz","20.4795519","-97.01012709999999","01 766 84 60 332"
"veracruz","Municipio de Tempoal","Independencia núm. 13, Zona Centro, C.P. 92061, Tempoal, Veracruz","21.5234878","-98.38827230000001","01 789 89 40681"
"veracruz","Registro Civil de Tenampa","Av Miguel alemán s/n, Col. Centro, C.P. 94030, Tenampa, Veracruz","19.2479979","-96.8849621","01 279 102 2103"
"veracruz","Municipio de Tenochtitlan","Miguel Alemán s/n, Col. Centro, C.P. 93780, Tenochtitlan, Veracruz","19.8078194","-96.9159526","01235 317 5004"
"veracruz","Registro Civil de Alto Lucero","Manuel Vázquez s/n, Col. Centro, C.P. 91460, Alto Lucero, Veracruz","19.6242712","-96.7343456","01279 827 00 70"
"veracruz","Registro Civil de Altotonga","Palacio Municipal s/n, Col. Centro, C.P. 93701, Altotonga, Veracruz","19.7661213","-97.2455952","01226 316 00 24"
"veracruz","Registro Civil de Amatitlán","Morelos # 2, Col. Centro, C.P. 95450, Amatitlán, Veracruz","19.173773","-96.1342241","01 288 876 21 23"
"veracruz","Registro Civil de Amatlán de los Reyes","Calle 21 de Mayo s/n, Col. Centro, C.P. 94950, Amatlán de los Reyes, Veracruz","18.8427247","-96.9137405","01 271 751 03 55"
"veracruz","Registro Civil de Ángel R. Cabada","Primitivo R. Valencia s/n, Col. Centro, C.P. 95841, Ángel R. Cabada, Veracruz","18.5978649","-95.4485852","01 284 94 600 42"
"veracruz","Registro Civil de Astacinga","Astacinga s/n, Col. Centro, C.P. 94810, Astacinga, Veracruz","19.173773","-96.1342241","01 271 714 15 83"
"veracruz","Registro Civil de Atlahuilco","Domicilio Conocido s/n, Col. Centro, C.P. 94830, Atlahuilco, Veracruz","19.173773","-96.1342241","01 278 733 20 32"
"veracruz","Registro Civil de Atoyac","Av Francisco I. Madero s/n, Col. Centro, C.P. 94960, Atoyac, Veracruz","19.173773","-96.1342241","01 273 735 05 10"
"veracruz","Registro Civil de Atzacán","Sur 2 s/n, Col. Centro, C.P. 94440, Atzacán, Veracruz","18.905511","-97.0838301","01 272 721 88 25"
"veracruz","Registro Civil de Atzalan","Constitución s/n, Col. Centro, C.P. 93680, Atzalan, Veracruz","19.173773","-96.1342241","01 272 721 88 25"
"veracruz","Registro Civil de Banderilla","Juárez # 61, Col. Centro, C.P. 91300, Banderilla, Veracruz","19.5885205","-96.9439197","01 228 811 28 16"
"veracruz","Registro Civil de Benito Juárez","Av. Juárez s/n, Col. Centro, C.P. 92661, Benito Juárez, Veracruz","22.2016816","-97.8367954","01 746 100 20 01"
"veracruz","Registro Civil de Boca del Rio","Morelos esq. Hidalgo s/n, Col. Centro, C.P. 94290, Boca del Rio, Veracruz","19.1077092","-96.10764499999999","01 229 202 22 62"
"veracruz","Registro Civil de Calcahualco","Palacio Municipal s/n, Col. Centro, C.P. 94120, Calcahualco, Veracruz","19.173773","-96.1342241","01 273 732 50 69"
"veracruz","Registro Civil de Camerino Z. Mendoza","Francisco I. Madero s/n, Col. Centro, C.P. 94740, Camerino Z. Mendoza, Veracruz","18.8049343","-97.18156859999999","01 272 726 81 85"
"veracruz","Registro Civil de Carlos A. Carrillo","Leyes de Reforma s/n, Col. Centro, C.P. 95331, Carlos A. Carrillo, Veracruz","18.3733464","-95.758949","01 288 882 79 73"
"veracruz","Registro Civil de Cazones de Herrera","Reforma N° 62, Zona Centro, C.P. 92970, Cazones de Herrera, Veracruz","19.1504235","-96.1287141","01 784 88 700 14"
"veracruz","Registro Civil de Cerro Azul","Ramón Jáuregui y 5 de Mayo s/n, Col. La Curva, C.P. 92500, Cerro Azu, Veracruz","19.173773","-96.1342241","01 785 852 18 08"
"veracruz","Registro Civil de Chacaltianguis","Porfirio Diaz N° 1, Col. Centro,, C.P. 95661, Chacaltianguis, Veracruz","19.3175375","-98.238997","01 288 886 01 66"
"veracruz","Registro Civil de Chalma","Palacio Municipal s/n, Col. Centro, C.P. 92170, Chalma, Veracruz","19.173773","-96.1342241","01 789 85 50 97"
"veracruz","Registro Civil de Chiconamel","Palacio Municipal s/n, Zona Centro, C.P. 92150, Chiconamel, Veracruz","21.2306934","-98.4618829","01 789 882 60 13"
"veracruz","Registro Civil de Chiconquiaco","Plaza de Armas N° 1, Col. Centro, C.P. 93880, Chiconquiaco, Veracruz","17.9491822","-94.9125065","01 279 832 50 67"
"veracruz","Registro Civil de Chinameca","Nicolás Bravo s/n, Col. Centro, C.P. 95980, Chinameca, Veracruz","18.0235932","-94.6750034","01 922 26 106 38"
"veracruz","Registro Civil de Chocamán","Morelos s/n, Col. Centro, C.P. 94160, Chocamán, Veracruz","19.173773","-96.1342241","01 273 732 21 09"
"veracruz","Registro Civil de Chontla","Galeana esq. Allende s/n, Col. Centro C.P. 92200, Chontla, Veracruz","19.173773","-96.1342241","01 785 856 00 65"
"veracruz","Registro Civil de Chumatlán","Domicilio Conocido s/n, Col. Centro, C.P. 93040, Chumatlán, Veracruz","19.173773","-96.1342241","01 784 596 13 00"
"veracruz","Registro Civil de Citlaltepetl","Vicente Guerrero N° 1, Col. Centro, C.P. 92230, Citlaltepetl, Veracruz","16.473459","-94.8263041","01 785 854 00 92"
"veracruz","Registro Civil de Coacoatzintla","Libertad s/n, Col. Centro, C.P. 31700, Coacoatzintla, Veracruz","19.173773","-96.1342241","01 228 842 84 37"
"veracruz","Registro Civil de Coahuitlán","Hidalgo N° 75, Col. Centro, C.P. 93120, Coahuitlán, Veracruz","19.173773","-96.1342241","01 784 100 80 27"
"veracruz","Registro Civil de Coatzacoalcos","Av. Gutiérrez Zamora N° 407, Col. Centro, C.P. 96400, Coatzacoalcos, Veracruz","18.1483642","-94.41671339999999","01 921 212 30 83"
"veracruz","Registro Civil de Coatzintla","Hidalgo esq. Juárez s/n, Col. Centro, C.P. 93161, Coatzintla, Veracruz","20.4832022","-97.4662104","01 782 825 19 17"
"veracruz","Registro Civil de Coetzala","Independencia s/n, Col. Centro, C.P. 94890, Coetzala, Veracruz","19.173773","-96.1342241","01 271 127 14 80"
"veracruz","Registro Civil de Colipa","Independencia s/n, Sector Coatzintla, C.P. 93950, Colipa, Veracruz","19.173773","-96.1342241","01 279 831 0515"
"veracruz","Registro Civil de Comapa","Vicente Guerrero esq. Benito Juárez s/n, Col. Centro, C.P. 94200, Comapa, Veracruz","19.173773","-96.1342241","01 273 734 06 67"
"veracruz","Registro Civil de Cordoba","Avenida 1 y Calle 1 s/n Palacio Municipal, Col, Centro, C.P. 94500, Cordoba, Veracruz","18.8937324","-96.93567399999999","01 271 712 37 55"
"veracruz","Registro Civil de Cosamaloapan","Belisario Domínguez N° 401, Col. Centro, C.P. 95400, Cosamaloapan, Veracruz","18.3643953","-95.7962744","01 288 882 11 74"
"veracruz","Registro Civil de Cosautlán de Carbajal","Reforma Esq. Miguel Lerdo s/n, Col. Centro, C.P. 91620, Cosautlán de Carbajal, Veracruz","19.173773","-96.1342241","01 279 833 00 13"
"veracruz","Registro Civil de Coxquihui","Hidalgo N° 1, Col. Centro, C.P. 93060, Coxquihui, Veracruz","19.173773","-96.1342241","01 784 843 71 10"
"veracruz","Registro Civil de Coyutla","Plaza Reforma s/n, Col. Centro, C.P. 93140, Coyutla, Veracruz","20.24691","-97.65731579999999","01 784 881 40 54"
"veracruz","Registro Civil de Cuitlahuac","Av. 2 Calle 1 y 2 Palacio Municipal, Col. Centro, C.P. 94910, Cuitlahuac, Veracruz","18.8142666","-96.7253164","01 778 732 00 03"
"veracruz","Registro Civil de El Higo","Miguel Alemán esq. Emiliano Zapata, Zona Centro, C.P. 92401, El Higo, Veracruz","19.173773","-96.1342241","01 489 375 04 30"
"veracruz","Registro Civil de Emiliano Zapata","Carr. Fed Xal-Ver Km 12.5, Col. Dos Ríos, C.P. 91634, Emiliano Zapata, Veracruz","19.3624962","-96.6565439","01 279 820 00 46"
"veracruz","Registro Civil de Espinal","Calle 16 de Sept. N° 6, Col. Centro, C.P. 93186, Espinal, Veracruz","19.5163283","-98.88104349999999","01 784 881 23 42"
