"zacatecas","Registro Civil de Zacatecas","Constitución n° 238, Col. Lomas de la Soledad, C.P. 98000, Zacatecas, Zacatecas","22.7826426","-102.5726613","01 492 925 37 85 14 492 922 56 20"
"zacatecas","Registro Civil de Apozol","Plaza de la Constitución n° 1, Col. Centro, C.P. 99940, Apozol, Zacatecas","19.316948","-98.2374365","01 467 952 04 36"
"zacatecas","Registro Civil de Atolinga","Jardín Principal s/n Col. Centro, C.P. 99730, Atolinga, Zacatecas","22.7709249","-102.5832539","01 437 954 14 00 y 01954 15 80"
"zacatecas","Registro Civil de Calera de Víctor Rosales","Tránsito n° 103 Sur, C.P. 98500, Calera, Zacatecas","22.7709249","-102.5832539","01 478 985 03 30"
"zacatecas","Registro Civil de Cañitas de Felipe Pescador","Sur 3 n° 12 Col. Barrio Viejo, C.P. 98480, Cañitas, Zacatecas","22.7709249","-102.5832539","01 458 937 00 83"
"zacatecas","Registro Civil de Concepción del Oro","Allende n° 21 Col. Centro, C.P. 98480, Concepción del Oro, Zacatecas","24.6145142","-101.4190314","01 842 424 00 17"
"zacatecas","Registro Civil de Cuauhtémoc","Plaza Principal s/n Col. Centro, C.P. 98680, Cuauhtémoc, Zacatecas","22.4514486","-102.3420923","01 458 941 00 30 y 01 458 941 00 31 ext. 110"
"zacatecas","Registro Civil de Chalchihuites","Iturbide n° 200, Col. Chalchihuites, C.P. 99260, Chalchihuites, Zacatecas","23.4758302","-103.8809881","01 457 938 03 04"
"zacatecas","Registro Civil de Fresnillo","Juan de Tolosa n° 100 Col. Centro, C.P. 99000, Fresnillo, Zacatecas","23.1758127","-102.8684218","01 493 932 09 69"
"zacatecas","Registro Civil de Fresnillo Oficialía 05","Jerez n° 32 Col. Centro, C.P. 99000, Fresnillo, Zacatecas","23.1777586","-102.8687414","01 493 878 42 09"
"zacatecas","Registro Civil de Genaro Codina","Plaza de Castro n° 222, Col. Centro, C.P. 98660, Genaro Codina, Zacatecas","22.7773137","-102.5723907","01 458 948 30 55"
"zacatecas","Registro Civil de General Enrique Estrada","Jardín Principal s/n, Col. Centro, C.P. 98350, General Enrique Estrada, Zacatecas","22.7689237","-102.5768533","01 478 985 15 63"
"zacatecas","Registro Civil de General Francisco R. Murguía","Reforma n° 1, Col. Centro, C.P. 98350, General Francisco R. Murguía, Zacatecas","23.9948303","-103.0203391","01 498 935 50 10 y 01 498 935 52 42"
"zacatecas","Registro Civil de General Pánfilo Natera","Alfonso Medina n° 4, Col. Centro, C.P. 98730, General Pánfilo Natera, Zacatecas","22.6629943","-102.1109018","01 458 931 60 41 ext. 112"
"zacatecas","Registro Civil de Guadalupe","H. Colegio Militar n° 96 Oriente, Col. Centro, C.P. 98600, Guadalupe, Zacatecas","22.748282","-102.5168968","01 492 923 54 92 ext. 124"
"zacatecas","Registro Civil de Huanusco","Plaza Principal n° 8, Col. Centro, C.P. 99670, Huanusco, Zacatecas","19.3340224","-98.1686705","01 463 957 06 08"
"zacatecas","Registro Civil de Jalpa","Plaza Principal n° 115, Col. Centro, C.P. 99601, Jalpa, Zacatecas","21.8460303","-102.7181286","01 463 955 20 03 ext. 107"
"zacatecas","Registro Civil de Jerez","Plaza Principal n° 11, Col. Centro, C.P. 99300, Jerez, Zacatecas","19.3340082","-98.168669","01 494 945 22 53 ext. 111"
"zacatecas","Registro Civil de Jiménez del Téul","Morelo0s n° 22, Col. Centro, C.P. 99280, Jiménez del Téul, Zacatecas","22.7709249","-102.5832539","01 457 988 30 45"
"zacatecas","Registro Civil de Juan Aldama","Av. Centenario n° 5, Col. Centro, C.P. 98300, Juan Aldama, Zacatecas","24.2911979","-103.3936663","01 498 983 01 50 y 01 498 983 02 41"
"zacatecas","Registro Civil de Loreto","Independencia s/n, Col. Centro, C.P. 98800, Loreto, Zacatecas","22.267654","-101.9841715","01 496 962 01 19 ext. 107"
"zacatecas","Registro Civil de Luis Moya","Morelos s/n, Col. Centro, C.P. 98770, Luis Moya, Zacatecas","22.4320664","-102.2497409","01 458 987 00 55"
"zacatecas","Registro Civil de Mazapil","Guerrero n° 22, Col. Centro, C.P. 98230, Mazapil, Zacatecas","24.638853","-101.5534822","01 842 424 20 14 y 01 842 424 20 13"
"zacatecas","Registro Civil de Mezquital del Oro","Niños Héroes n° 7, Col. Centro, C.P. 99860, Mezquital del Oro, Zacatecas","19.6507751","-96.87353739999999","01 467 952 82 52"
"zacatecas","Registro Civil de Miguel Auza","Constitución n° 32, Col. Centro, C.P. 98330, Miguel Auza, Zacatecas","24.2936089","-103.4506656","01 433 984 01 01"
"zacatecas","Registro Civil Momax","I. Allende No. 13, Col. Centro, C.P. 99720, Momax, Zacatecas","16.2111004","-94.9831736","01 437 991 00 21"
"zacatecas","Registro Civil de Monte Escobedo","Jardín Zaragoza n° 7, Col. Centro, C.P. 99400, Monte Escobedo, Zacatecas","22.7709249","-102.5832539","01 457 948 01 71"
"zacatecas","Registro Civil de Morelos","Plaza Principal n° 1, Col. Centro, C.P. 98100, Morelos, Zacatecas","22.859599","-102.6105102","01 492 931 00 72"
"zacatecas","Registro Civil de Moyahua de Estrada","Av. Juárez n° 199, Col. Centro, C.P. 99980, Moyahua de Estrada, Zacatecas","20.3916216","-101.1824064","01 467 961 51 21"
"zacatecas","Registro Civil de Nochistlán","Hidalgo n° 1, Col. Centro, C.P. 99900, Nochistlán, Zacatecas","21.3634571","-102.8476701","01 346 713 02 33 y 01 346 713 02 29 EXT. 114 Y 117"
"zacatecas","Registro Civil de Noria de Angeles","Hidalgo s/n, Col. Noria de Angeles, C.P. 98700, Noria de Angeles, Zacatecas","22.7709249","-102.5832539","01 496 967 70 13 y 01 496 967 70 14"
"zacatecas","Registro Civil de Ojocaliente","Plaza Principal n° 4, Col. Centro, C.P. 98710, Ojocaliente, Zacatecas","19.3343912","-98.16795619999999","01 458 944 00 87"
"zacatecas","Registro Civil de Panuco","Allende n° 1, Col. Centro, C.P. 98540, Panuco, Zacatecas","22.8773069","-102.5408064","01 478 584 70 06 y 01 478 584 70 08"
"zacatecas","Registro Civil de Plateado de Joaquín Amaro El","Morelos s/n, Col. Centro, C.P. 99590, Plateado de Joaquín Amaro El, Zacatecas","22.7709249","-102.5832539","01 499 926 07 92"
"zacatecas","Registro Civil de Pinos","Plaza Principal s/n Col. Centro, C.P. 98920, Pinos, Zacatecas","22.2972779","-101.5747236","01 496 864 02 07"
"zacatecas","Registro Civil de Río Grande","Constitución No. 36, Col. Centro, C.P. 98400, Río Grande, Zacatecas","23.8272574","-103.0341323","01 498 982 04 54 ext. 34"
"zacatecas","Registro Civil de Saín Alto","Constitución n° 6, Col. Centro, C.P. 99130, Saín Alto, Zacatecas","23.1798148","-102.8615504","01 498 934 07 00 y 01 498 934 07 59"
"zacatecas","Registro Civil de Santa María de la Paz","Zacatecas n° 1, Col. Centro, C.P. 99809, Santa María de la Paz, Zacatecas","22.7684227","-102.5698585","01 467 957 60 94"
"zacatecas","Registro Civil de Sombrerete","Portal Hidalgo s/n, Col. Centro, C.P. 99631, Tabasco, Zacatecas","22.7709249","-102.5832539","01 433 935 00 88 y 01 433 935 00 71"
"zacatecas","Registro Civil de Susticacán","Plaza Centenario s/n, Presidencia Municipal, C.P. 99480, Susticacán, Zacatecas","22.7709249","-102.5832539","0101 494 936 00 00"
"zacatecas","Registro Civil de Tabasco","Portal Hidalgo s/n, Col. Centro, C.P. 99631, Tabasco, Zacatecas","22.7709249","-102.5832539","01 463 957 05 05 ext. 111"
"zacatecas","Registro Civil de Tepechitlán","Morelos n° 15, Col. Centro, C.P. 99750, Tepechitlán, Zacatecas","21.6739632","-103.3313354","01 437 961 01 78"
"zacatecas","Registro Civil de Tepetongo","Av. Iturbide n° 32, Zona Centro, C.P. 99570, Tepetongo, Zacatecas","18.5179635","-98.5816988","01 494 941 80 22"
"zacatecas","Registro Civil de Teul de González Ortega","Libertad n° 10, Col. Centro, C.P. 99800, Teul de González Ortega, Zacatecas","21.4658511","-103.4598473","01 467 952 71 14 y 01 467 952 77 20"
"zacatecas","Registro Civil de Tlaltenango","Libertad n° 1, Col. Centro, C.P. 99700, Tlaltenango, Zacatecas","21.7827967","-103.3056122","01 437 954 01 64 y 01 954 02 04"
"zacatecas","Registro Civil de Trancoso","Gral. Barragan n° 1, Col. Centro, C.P. 98640, Trancoso, Zacatecas","22.7358536","-102.3643644","01 492 931 20 09 ext. 107"
"zacatecas","Registro Civil de Trinidad García de la Cadena","Francisco García Salinas n° 3, Col. Centro, C.P. 99830, Trinidad garcía de la cadena, Zacatecas","21.20833","-103.4656279","01 467 969 00 96 ext. 21"
"zacatecas","Registro Civil de Valparaíso","Plaza Constitución s/n, Col. Centro, C.P. 99200, Valparaíso, Zacatecas","22.7822469","-103.5567065","01 457 936 03 50 y 01 457 936 01 85"
"zacatecas","Registro Civil de Villa de Cos","Av. Hidalgo n° 5, Col. Centro C.P. 98430, Villa de Cos, Zacatecas","20.0546613","-99.3423857","01 458 931 41 01"
"zacatecas","Registro Civil de Villa García","Adolfo López Mateos No. 102, Col. Centro, C.P. 98900, Villa García, Zacatecas","17.9642835","-94.7220387","01 496 962 09 10 y 01 496 962 10 33"
"zacatecas","Registro Civil de Villa González Ortega","Madero n° 5 Col. Centro, C.P. 98840, Villa González Ortega, Zacatecas","22.5126386","-101.9186008","01 496 965 40 33"
"zacatecas","Registro Civil de Villa HIdalgo","Zaragoza n° 13 Col. Centro, Villa Hidalgo, Zacatecas","22.7709249","-102.5832539","01 496 965 24 91"
"zacatecas","Registro Civil de Villanueva","Plaza Principal s/n, Col. Centro, C.P. 99500, Villanueva, Zacatecas","22.3615895","-102.8874401","01 499 926 00 11 y 01 499 926 01 11"
"zacatecas","Registro Civil de Zacatecas","Calz. Héroes de Chapultepec n° 1110, Col. Lázaro Cárdenas, C.P. 98040, Zacatecas, Zacatecas","22.7741619","-102.6034387","01 492 923 94 21 ext. 1673 y 1674"
"zacatecas","INEGI Zacatecas","Av. Hidalgo n° 626, Col. Zona Centro, C.P. 98000, Zacatecas, Zacatecas","22.7705359","-102.5685297","01 492 922 60 53 Ext. 6118"
"zacatecas","Instituto Nacional de Migración Delegación Regional Zacatecas","Av. Constitución n° 122, Col. Lomas de la Soledad, Zacatecas, Zacatecas.","22.7738908","-102.583371","01 492 925 00 58 y 59 ext. 210"
